Date,Time,Day,Station,Code,Min Delay,Min Gap,Bound,Line,Vehicle
2018/02/01,00:36,Thursday,RUNNYMEDE STATION,MUIS,0,0,,BD,0
2018/02/01,00:55,Thursday,MCCOWAN STATION,ERAC,6,12,S,SRT,3004
2018/02/01,01:03,Thursday,SUMMERHILL STATION,SUO,3,8,N,YU,5516
2018/02/01,01:55,Thursday,LAWRENCE STATION,TUSC,0,0,N,YU,5466
2018/02/01,02:42,Thursday,WILSON STATION,PUMEL,0,0,,YU,0
2018/02/01,02:44,Thursday,MCCOWAN YARD,MRPLB,0,0,,SRT,0
2018/02/01,05:35,Thursday,GLENCAIRN STATION,EUOE,0,0,N,YU,0
2018/02/01,06:13,Thursday,DONLANDS STATION,MUIR,0,0,W,BD,5301
2018/02/01,06:15,Thursday,KENNEDY BD STATION,MUSC,0,0,W,BD,5340
2018/02/01,06:29,Thursday,BLOOR STATION,MUIS,0,0,S,YU,5656
2018/02/01,06:35,Thursday,MIDLAND STATION,MRPAA,0,0,S,SRT,3012
2018/02/01,07:02,Thursday,KIPLING STATION,MUSC,0,0,E,BD,5192
2018/02/01,07:19,Thursday,GREENWOOD STATION,EUSC,0,0,E,BD,5332
2018/02/01,07:21,Thursday,ROYAL YORK STATION,EUDO,7,9,E,BD,5025
2018/02/01,07:33,Thursday,RUNNYMEDE STATION,MUPAA,3,5,E,BD,5303
2018/02/01,07:51,Thursday,SHEPPARD WEST STATION,MUIS,0,0,,YU,0
2018/02/01,08:07,Thursday,DAVISVILLE STATION,MUIS,0,0,S,YU,5596
2018/02/01,08:42,Thursday,EGLINTON WEST STATION,TUDOE,28,30,S,YU,5911
2018/02/01,08:56,Thursday,BLOOR STATION,MUIR,4,6,S,YU,5576
2018/02/01,09:08,Thursday,KENNEDY BD STATION,MUSC,0,0,W,BD,5169
2018/02/01,09:12,Thursday,WILSON STATION,TUCC,4,7,S,YU,5456
2018/02/01,10:00,Thursday,BROADVIEW STATION,EUPI,6,8,E,BD,5052
2018/02/01,10:16,Thursday,LAWRENCE WEST STATION,PUSNT,0,0,N,YU,5786
2018/02/01,10:30,Thursday,KENNEDY BD STATION,EUCD,0,0,W,BD,5021
2018/02/01,11:22,Thursday,WELLESLEY STATION,SUUT,0,0,,YU,0
2018/02/01,11:39,Thursday,WELLESLEY STATION,MUI,0,0,N,YU,5506
2018/02/01,11:42,Thursday,BLOOR DANFORTH SUBWAY,MUGD,0,0,,BD,0
2018/02/01,11:52,Thursday,ST GEORGE BD STATION,PUSTS,0,0,W,BD,5054
2018/02/01,11:53,Thursday,DUNDAS STATION,MUPAA,0,0,S,YU,5621
2018/02/01,12:09,Thursday,YONGE UNIVERSITY LINE,MUGD,0,0,,YU,0
2018/02/01,12:10,Thursday,KEELE STATION,MUSC,0,0,E,BD,5166
2018/02/01,12:18,Thursday,OLD MILL STATION,PUMEL,0,0,,BD,0
2018/02/01,12:45,Thursday,VAUGHAN MC STATION,SUDP,0,0,,YU,0
2018/02/01,13:48,Thursday,VAUGHAN MC STATION,TUO,3,6,S,YU,5651
2018/02/01,14:12,Thursday,WARDEN STATION,MUSC,0,0,E,BD,5330
2018/02/01,14:22,Thursday,BAYVIEW STATION,MUIR,0,0,W,SHP,6176
2018/02/01,14:28,Thursday,ROYAL YORK STATION,MUIS,0,0,,BD,0
2018/02/01,15:12,Thursday,ISLINGTON STATION,SUUT,3,6,W,BD,5092
2018/02/01,15:38,Thursday,DUNDAS STATION,PUMST,0,0,,YU,0
2018/02/01,15:41,Thursday,VAUGHAN MC STATION,MUTO,3,8,S,YU,5741
2018/02/01,15:51,Thursday,VAUGHAN MC STATION,EUATC,3,8,S,YU,5741
2018/02/01,15:59,Thursday,ST GEORGE YUS STATION,MUIR,4,7,N,YU,5561
2018/02/01,16:09,Thursday,KENNEDY BD STATION,MUSC,0,0,E,BD,5330
2018/02/01,16:12,Thursday,DON MILLS STATION,TUMVS,0,0,E,SHP,6166
2018/02/01,16:39,Thursday,FINCH STATION,EUDO,3,5,S,YU,5951
2018/02/01,17:01,Thursday,KENNEDY SRT STATION,MRPLB,142,147,N,SRT,3007
2018/02/01,17:02,Thursday,ISLINGTON STATION,MUIS,0,0,,BD,0
2018/02/01,17:25,Thursday,FINCH STATION,MUSC,0,0,S,YU,6031
2018/02/01,17:26,Thursday,COXWELL STATION,PUSCR,6,8,W,BD,5158
2018/02/01,17:35,Thursday,SHEPPARD WEST STATION,MUATC,0,0,N,YU,5441
2018/02/01,17:38,Thursday,BROADVIEW STATION,MUO,6,8,W,BD,5158
2018/02/01,17:50,Thursday,DAVISVILLE STATION,MUIS,0,0,N,YU,0
2018/02/01,18:00,Thursday,SHEPPARD WEST STATION,MUIS,0,0,,YU,0
2018/02/01,18:02,Thursday,EGLINTON WEST STATION,MUSC,3,5,S,YU,5701
2018/02/01,18:40,Thursday,ST CLAIR WEST STATION,TUSC,0,0,N,YU,5666
2018/02/01,18:51,Thursday,KENNEDY BD STATION,PUMEL,0,0,,BD,0
2018/02/01,18:52,Thursday,ROSEDALE STATION,MUPAA,0,0,N,YU,5721
2018/02/01,18:59,Thursday,ST CLAIR WEST STATION,SUO,0,0,,YU,0
2018/02/01,19:00,Thursday,BLOOR STATION,MUPAA,0,0,S,YU,5671
2018/02/01,20:03,Thursday,LANSDOWNE STATION,MUIRS,0,0,W,BD,0
2018/02/01,20:23,Thursday,KENNEDY BD STATION,TUSC,0,0,E,BD,5116
2018/02/01,21:04,Thursday,FINCH WEST STATION,MUIR,3,6,N,YU,6121
2018/02/01,21:12,Thursday,CHESTER STATION,MUPAA,0,0,E,BD,5009
2018/02/01,21:32,Thursday,NORTH YORK CTR STATION,SUDP,4,9,N,YU,5386
2018/02/01,22:00,Thursday,YUS/BD/SHEPPARD SUBWAY,MUO,0,0,,YU/BD,0
2018/02/01,22:04,Thursday,LAWRENCE STATION,SUDP,0,0,S,YU,0
2018/02/01,22:08,Thursday,KIPLING STATION,TUKEY,4,9,,BD,5089
2018/02/01,22:33,Thursday,MCCOWAN STATION,ERTC,8,14,S,SRT,3027
2018/02/01,22:40,Thursday,WILSON STATION,SUDP,9,14,N,YU,6116
2018/02/01,22:46,Thursday,SPADINA YUS STATION,MUPAA,0,0,N,YU,5706
2018/02/01,22:54,Thursday,YORKDALE STATION,SUDP,6,11,N,YU,5756
2018/02/01,23:08,Thursday,BLOOR STATION,MUIS,0,0,,YU,0
2018/02/01,23:19,Thursday,YONGE UNIVERSITY LINE,MUGD,0,0,,YU,0
2018/02/01,23:33,Thursday,VICTORIA PARK STATION,MUIS,0,0,,BD,0
2018/02/01,23:41,Thursday,VICTORIA PARK STATION,MUSC,0,0,E,BD,5273
2018/02/01,23:41,Thursday,VICTORIA PARK STATION,SUDP,0,0,W,BD,5343
2018/02/01,23:50,Thursday,QUEEN'S PARK STATION,MUIS,0,0,,YU,0
2018/02/02,00:24,Friday,HIGH PARK STATION,MUSC,0,0,W,BD,5194
2018/02/02,00:27,Friday,JANE STATION,MUSC,0,0,W,BD,5194
2018/02/02,00:50,Friday,SCARB CTR STATION,SRO,0,0,,SRT,0
2018/02/02,00:58,Friday,WELLESLEY STATION,SUUT,13,18,N,YU,5636
2018/02/02,01:47,Friday,LAWRENCE WEST STATION,MUPAA,0,0,N,YU,5846
2018/02/02,01:58,Friday,OSSINGTON STATION,TUSC,0,0,W,BD,5355
2018/02/02,06:02,Friday,VAUGHAN MC STATION,TUATC,6,10,S,YU,5801
2018/02/02,06:07,Friday,ROYAL YORK STATION,SUO,3,7,W,BD,5182
2018/02/02,06:21,Friday,KENNEDY SRT STATION,ERDB,8,13,N,SRT,3027
2018/02/02,06:42,Friday,FINCH STATION,TUO,3,6,S,YU,5481
2018/02/02,06:51,Friday,KENNEDY BD STATION,EUDO,3,5,W,BD,5036
2018/02/02,06:54,Friday,LAWRENCE STATION,MUSC,0,0,N,YU,5851
2018/02/02,07:14,Friday,FINCH WEST STATION,MUDD,5,8,N,YU,5771
2018/02/02,07:25,Friday,ST CLAIR WEST STATION,EUDO,5,8,N,YU,5631
2018/02/02,07:53,Friday,KENNEDY BD STATION,MUSC,0,0,W,BD,5085
2018/02/02,08:09,Friday,SPADINA YUS STATION,TUMVS,0,0,S,YU,5731
2018/02/02,08:33,Friday,OLD MILL STATION,MUSC,0,0,W,BD,5250
2018/02/02,08:53,Friday,KIPLING STATION,SUO,3,6,E,BD,5356
2018/02/02,09:32,Friday,MCCOWAN STATION,ERAC,6,12,N,SRT,3001
2018/02/02,09:33,Friday,SPADINA BD STATION,EUSC,0,0,W,BD,5123
2018/02/02,09:47,Friday,JANE STATION,SUO,141,144,W,BD,5105
2018/02/02,10:37,Friday,YORK MILLS STATION,TUMVS,0,0,S,YU,5781
2018/02/02,10:39,Friday,YORK MILLS STATION,MUI,7,10,S,YU,5926
2018/02/02,10:40,Friday,OSSINGTON STATION,MUPAA,0,0,E,BD,5264
2018/02/02,12:44,Friday,YONGE SHP STATION,EUOE,0,0,W,SHP,6161
2018/02/02,13:10,Friday,FINCH WEST STATION,MUATC,8,12,N,YU,5601
2018/02/02,13:14,Friday,SCARB CTR STATION,MRDD,3,8,N,SRT,3021
2018/02/02,13:15,Friday,DONLANDS STATION,MUI,14,17,W,BD,5316
2018/02/02,13:23,Friday,HIGHWAY 407 STATION,TUATC,3,6,N,YU,5776
2018/02/02,14:35,Friday,ROYAL YORK STATION,SUO,22,25,W,BD,5089
2018/02/02,14:43,Friday,BROADVIEW STATION,SUO,0,0,,BD,0
2018/02/02,14:57,Friday,SCARB CTR STATION,PRST,0,0,,SRT,0
2018/02/02,15:16,Friday,SCARB CTR STATION,ERDO,4,9,N,SRT,3017
2018/02/02,15:44,Friday,BATHURST STATION,MUPAA,3,6,E,BD,5202
2018/02/02,15:49,Friday,NORTH YORK CTR STATION,MUDD,4,6,S,YU,5886
2018/02/02,15:55,Friday,ROYAL YORK STATION,MUSC,0,0,W,BD,5239
2018/02/02,16:08,Friday,WARDEN STATION,MUSC,0,0,W,BD,5195
2018/02/02,16:15,Friday,WARDEN STATION,TUMVS,3,6,W,BD,5089
2018/02/02,16:32,Friday,WARDEN STATION,MUSC,0,0,E,BD,5166
2018/02/02,16:38,Friday,KENNEDY BD STATION,MUD,3,5,W,BD,5256
2018/02/02,16:39,Friday,KIPLING STATION,TUSC,0,0,E,BD,5303
2018/02/02,16:54,Friday,WOODBINE STATION,MUI,6,8,E,BD,5192
2018/02/02,17:06,Friday,DUFFERIN STATION,MUIS,0,0,,BD,0
2018/02/02,17:37,Friday,DON MILLS STATION,SUDP,0,0,,SHP,0
2018/02/02,17:40,Friday,ST ANDREW STATION,MUIE,0,0,,YU,0
2018/02/02,18:41,Friday,MCCOWAN STATION,ERTC,5,10,S,SRT,3002
2018/02/02,18:46,Friday,KENNEDY BD STATION,MUIS,0,0,,BD,0
2018/02/02,19:06,Friday,YORK MILLS STATION,MUIS,0,0,,YU,0
2018/02/02,19:52,Friday,COLLEGE STATION,SUDP,7,10,N,YU,5986
2018/02/02,19:57,Friday,ISLINGTON STATION,MUSC,4,7,E,BD,5250
2018/02/02,20:27,Friday,KENNEDY BD STATION,TUSC,0,0,E,BD,5152
2018/02/02,20:34,Friday,KENNEDY SRT STATION,MRIE,0,0,N,SRT,3023
2018/02/02,21:05,Friday,BROADVIEW STATION,PUMEL,0,0,,BD,0
2018/02/02,21:18,Friday,DUNDAS WEST STATION,MUSC,0,0,E,BD,5266
2018/02/02,21:28,Friday,YORKDALE STATION,MUSC,0,0,S,YU,5716
2018/02/02,21:41,Friday,OSSINGTON STATION,EUNT,4,9,E,BD,5356
2018/02/02,22:00,Friday,YUS/BD/SHEPPARD SUBWAY,MUO,0,0,,YU/BD,0
2018/02/02,22:25,Friday,YUS/BD/SHEPPARD SUBWAY,MUGD,0,0,,YU,0
2018/02/02,22:58,Friday,SHEPPARD WEST STATION,TUO,8,13,N,YU,5691
2018/02/02,23:17,Friday,BLOOR DANFORTH SUBWAY,MUGD,0,0,,BD,0
2018/02/03,00:07,Saturday,MAIN STREET STATION,MUPAA,0,0,W,BD,5355
2018/02/03,00:25,Saturday,ISLINGTON STATION,TUSC,0,0,W,BD,5340
2018/02/03,00:45,Saturday,BATHURST STATION,MUIS,0,0,,BD,0
2018/02/03,00:50,Saturday,GREENWOOD STATION,SUDP,11,15,E,BD,5351
2018/02/03,01:42,Saturday,SHEPPARD WEST STATION,MUATC,6,11,N,YU,5596
2018/02/03,01:55,Saturday,FINCH STATION,MUSC,0,0,S,YU,5431
2018/02/03,05:58,Saturday,CASTLE FRANK STATION,PUSTC,0,0,W,BD,5192
2018/02/03,06:00,Saturday,YONGE UNIVERSITY LINE,MUO,0,0,,YU,0
2018/02/03,06:18,Saturday,GREENWOOD STATION,EUYRD,4,9,E,BD,5369
2018/02/03,07:02,Saturday,JANE STATION,TUSC,0,0,W,BD,5301
2018/02/03,07:29,Saturday,LAWRENCE EAST STATION,ERDB,15,21,N,SRT,3011
2018/02/03,09:25,Saturday,ST CLAIR WEST STATION,MUSC,0,0,S,YU,5561
2018/02/03,12:06,Saturday,KING STATION,MUIS,0,0,,YU,0
2018/02/03,12:26,Saturday,KENNEDY BD STATION,PUMEL,0,0,,BD,0
2018/02/03,12:34,Saturday,SPADINA YUS STATION,MUIRS,0,0,,YU,0
2018/02/03,13:14,Saturday,YONGE SHP STATION,PUSTS,5,10,E,SHP,3146
2018/02/03,13:48,Saturday,YONGE SHP STATION,PUSTS,5,10,E,SHP,6146
2018/02/03,13:53,Saturday,DON MILLS STATION,MUIS,0,0,,SHP,0
2018/02/03,15:00,Saturday,WELLESLEY STATION,MUPAA,0,0,S,YU,5821
2018/02/03,15:08,Saturday,DUNDAS STATION,MUIS,0,0,S,YU,0
2018/02/03,15:32,Saturday,KIPLING STATION,MUIS,0,0,,BD,0
2018/02/03,15:55,Saturday,KIPLING STATION,SUDP,4,8,E,BD,5340
2018/02/03,17:29,Saturday,SHEPPARD STATION,TUOS,3,6,S,YU,5751
2018/02/03,18:40,Saturday,KENNEDY BD STATION,MUSC,0,0,E,BD,5330
2018/02/03,18:45,Saturday,ST CLAIR WEST STATION,MUNCA,0,0,,YU,0
2018/02/03,19:54,Saturday,FINCH STATION,TUSC,0,0,N,YU,5756
2018/02/03,20:28,Saturday,OLD MILL STATION,TUSC,0,0,E,BD,5035
2018/02/03,20:41,Saturday,VICTORIA PARK STATION,MUSC,0,0,W,BD,5176
2018/02/03,20:53,Saturday,MCCOWAN STATION,ERAC,6,12,N,SRT,3015
2018/02/03,21:48,Saturday,BAY STATION,MUIR,5,9,W,BD,5271
2018/02/03,21:54,Saturday,VICTORIA PARK STATION,MUSC,0,0,E,BD,5074
2018/02/03,22:00,Saturday,YONGE UNIVERSITY LINE,MUO,0,0,,YU/BD,0
2018/02/03,22:10,Saturday,KIPLING STATION,TUS,4,8,W,BD,5035
2018/02/03,22:15,Saturday,SHEPPARD WEST STATION,EUBO,5,10,S,YU,5866
2018/02/03,22:22,Saturday,VICTORIA PARK STATION,MUSC,0,0,W,BD,5176
2018/02/03,23:33,Saturday,KIPLING STATION,TUS,4,8,W,BD,5192
2018/02/04,00:16,Sunday,DAVISVILLE STATION,PUSIS,5,9,S,YU,5431
2018/02/04,00:21,Sunday,YONGE BD STATION,MUIS,0,0,,BD,0
2018/02/04,00:31,Sunday,KENNEDY BD STATION,MUTO,3,7,W,BD,5010
2018/02/04,01:03,Sunday,FINCH STATION,TUO,5,9,S,YU,5996
2018/02/04,01:04,Sunday,SHEPPARD WEST STATION,MUATC,5,10,S,YU,5786
2018/02/04,01:25,Sunday,SHEPPARD WEST STATION,TUATC,4,9,N,YU,5836
2018/02/04,01:52,Sunday,VAUGHAN MC STATION,MUIS,0,0,,YU,0
2018/02/04,08:00,Sunday,YONGE UNIVERSITY LINE,MUO,0,0,,YU,0
2018/02/04,08:12,Sunday,KIPLING STATION,TUSC,0,0,W,BD,5369
2018/02/04,08:19,Sunday,GREENWOOD STATION,EUSC,0,0,E,BD,5005
2018/02/04,08:46,Sunday,WARDEN STATION,MUSC,0,0,W,BD,5303
2018/02/04,08:51,Sunday,WARDEN STATION,MUSC,0,0,W,BD,5094
2018/02/04,08:55,Sunday,WARDEN STATION,MUSC,0,0,W,BD,5363
2018/02/04,08:59,Sunday,VICTORIA PARK STATION,MUSC,0,0,E,BD,5274
2018/02/04,09:31,Sunday,KIPLING STATION,MUSC,0,0,E,BD,5005
2018/02/04,10:29,Sunday,WARDEN STATION,MUSC,0,0,E,BD,5348
2018/02/04,11:15,Sunday,SHEPPARD STATION,SUDP,0,0,S,YU,5701
2018/02/04,11:24,Sunday,LAWRENCE WEST STATION,PUSTC,0,0,N,YU,5721
2018/02/04,12:57,Sunday,WELLESLEY STATION,SUDP,0,0,N,YU,5535
2018/02/04,13:58,Sunday,WELLESLEY STATION,SUDP,3,7,N,YU,5826
2018/02/04,14:48,Sunday,SHEPPARD WEST STATION,MUATC,0,0,N,YU,5486
2018/02/04,15:30,Sunday,UNION STATION,MUIS,0,0,,YU,0
2018/02/04,16:14,Sunday,LAWRENCE WEST STATION,PUSTC,3,7,N,YU,5421
2018/02/04,16:46,Sunday,ISLINGTON STATION,MUSC,0,0,E,BD,5312
2018/02/04,16:54,Sunday,EGLINTON STATION,TUNIP,4,8,N,YU,6011
2018/02/04,17:20,Sunday,JANE STATION,TUSC,0,0,W,BD,5137
2018/02/04,17:31,Sunday,BROADVIEW STATION,TUSC,0,0,W,BD,5255
2018/02/04,17:31,Sunday,KIPLING STATION,MUTO,0,0,E,BD,0
2018/02/04,17:57,Sunday,YORKDALE STATION,SUO,18,22,S,YU,5686
2018/02/04,18:04,Sunday,MIDLAND STATION,SRO,11,16,N,SRT,3021
2018/02/04,18:38,Sunday,SUMMERHILL STATION,MUIS,0,0,,YU,0
2018/02/04,18:40,Sunday,BLOOR STATION,TUMVS,0,0,S,YU,5806
2018/02/04,19:28,Sunday,BAY STATION,SUUT,13,17,W,BD,5081
2018/02/04,19:51,Sunday,YONGE BD STATION,MUDD,8,11,E,BD,5190
2018/02/04,19:52,Sunday,DAVISVILLE STATION,MUPAA,3,8,S,YU,5631
2018/02/04,20:50,Sunday,WILSON STATION,PUSIS,0,0,S,YU,5411
2018/02/04,21:08,Sunday,WARDEN STATION,EUNT,5,9,W,BD,5301
2018/02/04,21:37,Sunday,DAVISVILLE STATION,MUI,5,9,N,YU,5801
2018/02/04,22:00,Sunday,YUS/BD/SHEPPARD SUBWAY,MUO,0,0,,YU/BD,0
2018/02/04,22:02,Sunday,MCCOWAN STATION,TRNIP,6,12,S,SRT,3010
2018/02/04,22:58,Sunday,KENNEDY BD STATION,TUSC,0,0,W,BD,5139
2018/02/04,23:14,Sunday,KIPLING STATION,MUIRS,0,0,,BD,0
2018/02/04,23:56,Sunday,WILSON STATION,PUSIS,0,0,S,YU,5686
2018/02/05,00:03,Monday,KENNEDY BD STATION,EUDO,4,8,,BD,5173
2018/02/05,01:11,Monday,KEELE STATION,MUSC,0,0,W,BD,5265
2018/02/05,04:20,Monday,WILSON STATION,MUO,0,0,,YU,0
2018/02/05,05:11,Monday,BAY STATION,MUNCA,0,0,,BD,0
2018/02/05,05:20,Monday,ST GEORGE YUS STATION,PUSTC,4,8,N,YU,5806
2018/02/05,06:39,Monday,DONLANDS STATION,MUDD,0,0,W,BD,5250
2018/02/05,07:14,Monday,WARDEN STATION,MUSC,0,0,E,BD,5027
2018/02/05,07:17,Monday,YONGE SHP STATION,TUSC,0,0,E,SHP,6146
2018/02/05,07:29,Monday,VICTORIA PARK STATION,MUO,3,5,E,BD,5227
2018/02/05,07:42,Monday,BLOOR STATION,MUIR,3,5,S,YU,5731
2018/02/05,07:50,Monday,WOODBINE STATION,EUBK,0,0,W,BD,5181
2018/02/05,08:08,Monday,KIPLING STATION,TUSC,0,0,W,BD,5116
2018/02/05,08:34,Monday,ST CLAIR WEST STATION,MUSAN,4,6,S,YU,5561
2018/02/05,08:53,Monday,LAWRENCE WEST STATION,MUSC,0,0,N,YU,5751
2018/02/05,09:09,Monday,GLENCAIRN STATION,TUSC,0,0,S,YU,5661
2018/02/05,09:50,Monday,UNION STATION,MUIS,0,0,,YU,0
2018/02/05,10:06,Monday,RUNNYMEDE STATION,MUDD,0,0,E,BD,5107
2018/02/05,10:11,Monday,WARDEN STATION,SUUT,3,5,W,BD,5100
2018/02/05,10:28,Monday,LAWRENCE WEST STATION,TUMVS,0,0,N,YU,5601
2018/02/05,10:31,Monday,COLLEGE STATION,SUUT,0,0,N,YU,5621
2018/02/05,10:51,Monday,VICTORIA PARK STATION,MUPR1,55,58,E,BD,5290
2018/02/05,11:05,Monday,DUNDAS STATION,SUO,3,5,S,YU,5541
2018/02/05,11:34,Monday,YUS/BD/SHEPPARD SUBWAY,MUGD,0,0,,YU,0
2018/02/05,12:04,Monday,KIPLING STATION,MUSC,0,0,E,BD,5091
2018/02/05,12:18,Monday,KEELE STATION,MUIR,0,0,E,BD,5361
2018/02/05,12:18,Monday,OLD MILL STATION,MUSC,0,0,E,BD,5035
2018/02/05,12:45,Monday,WARDEN STATION,PUSNT,0,0,E,BD,5010
2018/02/05,13:03,Monday,ELLESMERE STATION,ERDO,0,0,N,SRT,3017
2018/02/05,13:32,Monday,FINCH STATION,PUMEL,0,0,,YU,0
2018/02/05,13:54,Monday,GLENCAIRN STATION,MUIS,0,0,,YU,0
2018/02/05,14:32,Monday,GLENCAIRN STATION,EUAC,3,6,N,YU,5481
2018/02/05,14:44,Monday,WARDEN STATION,PUSNT,0,0,E,BD,5091
2018/02/05,15:24,Monday,RUNNYMEDE STATION,SUAE,12,16,E,BD,5156
2018/02/05,15:29,Monday,WARDEN STATION,SUAP,0,0,E,BD,5190
2018/02/05,15:46,Monday,OSSINGTON STATION,EUDO,5,8,W,BD,5356
2018/02/05,16:43,Monday,FINCH STATION,EUSC,0,0,,YU,5456
2018/02/05,16:48,Monday,YORK MILLS STATION,MUIR,4,6,N,YU,5886
2018/02/05,17:01,Monday,VAUGHAN MC STATION,MUTO,5,8,,YU,5706
2018/02/05,17:29,Monday,CASTLE FRANK STATION,SUDP,5,7,E,BD,5052
2018/02/05,17:37,Monday,ISLINGTON STATION,MUIS,0,0,,BD,0
2018/02/05,17:40,Monday,ST ANDREW STATION,MUNCA,0,0,,YU,0
2018/02/05,17:56,Monday,FINCH STATION,SUAP,0,0,,YU,0
2018/02/05,19:03,Monday,NORTH YORK CTR STATION,PUSTC,9,11,S,YU,5581
2018/02/05,22:00,Monday,YUS/BD/SHEPPARD SUBWAY,MUO,0,0,,YU/BD,0
2018/02/05,22:31,Monday,SPADINA BD STATION,SUDP,5,9,E,BD,5286
2018/02/05,22:48,Monday,YUS/BD/SHEPPARD SUBWAY,MUGD,0,0,,YU,0
2018/02/05,22:52,Monday,ST CLAIR WEST STATION,SUO,0,0,S,YU,5961
2018/02/05,23:40,Monday,SPADINA BD STATION,SUUT,5,9,W,BD,5123
2018/02/06,00:54,Tuesday,YORKDALE STATION,EUOE,0,0,N,YU,5556
2018/02/06,01:37,Tuesday,GREENWOOD YARD,PUTOE,0,0,,BD,0
2018/02/06,01:57,Tuesday,VAUGHAN MC STATION,MUIS,0,0,,YU,0
2018/02/06,05:16,Tuesday,ST ANDREW STATION,PUTO,0,0,,YU,0
2018/02/06,05:56,Tuesday,VICTORIA PARK STATION,MUSC,0,0,W,BD,5139
2018/02/06,06:00,Tuesday,TORONTO TRANSIT COMMIS,MUO,0,0,,YU/BD,0
2018/02/06,06:00,Tuesday,TORONTO TRANSIT COMMIS,MUO,0,0,,SHP,0
2018/02/06,06:00,Tuesday,TORONTO TRANSIT COMMIS,MRO,0,0,,SRT,0
2018/02/06,06:24,Tuesday,KEELE STATION,MUDD,5,7,W,BD,5265
2018/02/06,06:29,Tuesday,VICTORIA PARK STATION,MUSC,0,0,W,BD,5263
2018/02/06,06:35,Tuesday,CHRISTIE STATION,MUSC,0,0,W,BD,5131
2018/02/06,06:47,Tuesday,FINCH STATION,MUSC,0,0,S,YU,5456
2018/02/06,06:49,Tuesday,COXWELL STATION,MUSC,0,0,E,BD,5255
2018/02/06,06:55,Tuesday,SHEPPARD WEST STATION,MUATC,10,13,N,YU,5796
2018/02/06,07:34,Tuesday,DON MILLS STATION,TUMVS,0,0,E,SHP,6171
2018/02/06,07:41,Tuesday,CASTLE FRANK STATION,MUIR,3,5,W,BD,5361
2018/02/06,08:41,Tuesday,CASTLE FRANK STATION,SUDP,0,0,E,BD,5166
2018/02/06,08:47,Tuesday,BROADVIEW STATION,SUDP,0,0,E,BD,5166
2018/02/06,08:51,Tuesday,FINCH STATION,TUSC,0,0,N,YU,5866
2018/02/06,09:01,Tuesday,BATHURST STATION,MUIR,3,5,E,BD,5305
2018/02/06,09:33,Tuesday,UNION STATION,SUCOL,0,0,,YU,0
2018/02/06,10:07,Tuesday,FINCH STATION,TUO,3,5,S,YU,5581
2018/02/06,10:26,Tuesday,WARDEN STATION,PUSI,0,0,E,BD,5241
2018/02/06,10:57,Tuesday,WILSON STATION,MUSC,0,0,S,YU,5641
2018/02/06,11:07,Tuesday,WARDEN STATION,PUSI,0,0,E,BD,5169
2018/02/06,11:34,Tuesday,UNION STATION,PUMO,0,0,,YU,0
2018/02/06,11:40,Tuesday,ISLINGTON STATION,TUSC,0,0,W,BD,5361
2018/02/06,12:01,Tuesday,WARDEN STATION,TUSC,0,0,E,BD,5369
2018/02/06,12:07,Tuesday,FINCH STATION,MUPAA,0,0,N,YU,5896
2018/02/06,12:25,Tuesday,LANSDOWNE STATION,MUPR1,88,92,E,BD,5169
2018/02/06,12:29,Tuesday,YONGE UNIVERSITY LINE,MUGD,0,0,,YU,0
2018/02/06,12:52,Tuesday,KEELE STATION,PUSSW,41,44,W,BD,5014
2018/02/06,13:01,Tuesday,DON MILLS STATION,MUIS,5,10,W,SHP,6141
2018/02/06,13:03,Tuesday,EGLINTON STATION,SUCOL,0,0,S,YU,5689
2018/02/06,13:18,Tuesday,SHERBOURNE STATION,MUNCA,0,0,,BD,0
2018/02/06,14:12,Tuesday,PAPE STATION,SUDP,14,17,E,BD,5268
2018/02/06,14:27,Tuesday,ST PATRICK STATION,MUIS,0,0,N,YU,0
2018/02/06,14:58,Tuesday,KENNEDY BD STATION,MUNOA,4,8,,BD,0
2018/02/06,15:51,Tuesday,HIGHWAY 407 STATION,MUPAA,0,0,N,YU,6061
2018/02/06,16:10,Tuesday,EGLINTON WEST STATION,TUOS,3,5,S,YU,5856
2018/02/06,17:34,Tuesday,VICTORIA PARK STATION,PUMEL,0,0,,BD,0
2018/02/06,17:58,Tuesday,KING STATION,PUMST,0,0,N,YU,0
2018/02/06,18:40,Tuesday,EGLINTON STATION,SUDP,0,0,S,YU,5681
2018/02/06,18:50,Tuesday,SPADINA YUS STATION,MUIS,0,0,S,YU,0
2018/02/06,19:09,Tuesday,ST CLAIR STATION,MUIR,3,5,N,YU,5901
2018/02/06,19:23,Tuesday,SPADINA BD STATION,MUTO,5,9,W,BD,5352
2018/02/06,19:39,Tuesday,BLOOR DANFORTH SUBWAY,MUGD,0,0,,BD,0
2018/02/06,19:50,Tuesday,VAUGHAN MC STATION,MUSAN,4,7,S,YU,6096
2018/02/06,19:57,Tuesday,WILSON STATION,SUAP,0,0,,YU,0
2018/02/06,20:45,Tuesday,FINCH WEST STATION,SUAP,0,0,,YU,0
2018/02/06,22:00,Tuesday,YUS/BD/SHEPPARD SUBWAY,MUO,0,0,,YU/BD,0
2018/02/06,22:38,Tuesday,LAWRENCE WEST STATION,MUSC,0,0,S,YU,5641
2018/02/07,00:10,Wednesday,CHESTER STATION,TUSC,0,0,E,BD,5137
2018/02/07,00:39,Wednesday,OLD MILL STATION,SUDP,5,10,E,BD,5139
2018/02/07,00:45,Wednesday,WILSON STATION,TUSC,0,0,N,YU,5916
2018/02/07,00:54,Wednesday,BATHURST STATION,SUDP,5,15,E,BD,5139
2018/02/07,05:52,Wednesday,SUMMERHILL STATION,PUTSC,0,0,S,YU,5861
2018/02/07,05:55,Wednesday,COXWELL STATION,MUSC,0,0,E,BD,5314
2018/02/07,06:14,Wednesday,WARDEN STATION,MUSC,0,0,W,BD,5321
2018/02/07,06:16,Wednesday,KIPLING STATION,MUSC,0,0,W,BD,5286
2018/02/07,06:28,Wednesday,WILSON STATION,EUTRD,3,6,S,YU,5801
2018/02/07,06:32,Wednesday,SUMMERHILL STATION,PUTSC,0,0,S,YU,5726
2018/02/07,06:34,Wednesday,DONLANDS STATION,MUNOA,3,5,W,BD,0
2018/02/07,06:39,Wednesday,KIPLING STATION,MUSC,0,0,W,BD,5292
2018/02/07,06:49,Wednesday,JANE STATION,MUSC,0,0,W,BD,5005
2018/02/07,07:28,Wednesday,KIPLING STATION,MUSC,0,0,E,BD,5109
2018/02/07,07:51,Wednesday,KIPLING STATION,MUSC,0,0,W,BD,5028
2018/02/07,07:54,Wednesday,SCARB CTR STATION,MRTO,6,12,N,SRT,3013
2018/02/07,07:56,Wednesday,SUMMERHILL STATION,PUSTS,0,0,S,YU,5716
2018/02/07,08:02,Wednesday,KIPLING STATION,MUSC,0,0,W,BD,5074
2018/02/07,08:08,Wednesday,SUMMERHILL STATION,PUSTS,0,0,S,YU,5906
2018/02/07,08:50,Wednesday,KENNEDY SRT STATION,MRWEA,3,9,N,SRT,3001
2018/02/07,09:08,Wednesday,LESLIE STATION,TUSC,0,0,W,SHP,6176
2018/02/07,09:10,Wednesday,ISLINGTON STATION,MUSC,0,0,E,BD,5301
2018/02/07,09:35,Wednesday,SUMMERHILL STATION,PUSTS,0,0,S,YU,5871
2018/02/07,09:49,Wednesday,JANE STATION,TUSC,0,0,W,BD,5306
2018/02/07,09:52,Wednesday,KEELE STATION,PUTIS,0,0,W,BD,5290
2018/02/07,10:00,Wednesday,SHEPPARD STATION,MUSC,0,0,N,YU,5781
2018/02/07,11:13,Wednesday,LAWRENCE WEST STATION,TUSC,0,0,N,YU,5541
2018/02/07,11:25,Wednesday,YONGE UNIVERSITY LINE,MUGD,0,0,,YU,0
2018/02/07,12:17,Wednesday,VAUGHAN MC STATION,EUNT,0,0,S,YU,6116
2018/02/07,12:25,Wednesday,MCCOWAN STATION,MRWEA,3,6,S,SRT,3002
2018/02/07,13:01,Wednesday,DAVISVILLE STATION,MUNCA,0,0,,YU,0
2018/02/07,15:16,Wednesday,DONLANDS STATION,MUNOA,3,6,W,BD,0
2018/02/07,15:19,Wednesday,YORKDALE STATION,TUMVS,0,0,S,YU,5971
2018/02/07,15:33,Wednesday,VAUGHAN MC STATION,MUTO,5,8,S,YU,0
2018/02/07,15:58,Wednesday,MIDLAND STATION,MRDD,0,0,N,SRT,3012
2018/02/07,16:26,Wednesday,KING STATION,MUTO,0,0,N,YU,5646
2018/02/07,16:35,Wednesday,SHEPPARD WEST STATION,MUATC,7,10,N,YU,6041
2018/02/07,16:48,Wednesday,HIGH PARK STATION,TUOS,0,0,E,BD,5047
2018/02/07,17:19,Wednesday,MUSEUM STATION,MUPAA,0,0,N,YU,5696
2018/02/07,17:24,Wednesday,UNION STATION,MUIE,0,0,,YU,0
2018/02/07,17:29,Wednesday,ST CLAIR WEST STATION,MUIR,9,11,S,YU,5686
2018/02/07,17:46,Wednesday,VICTORIA PARK STATION,TUMVS,4,6,W,BD,5253
2018/02/07,18:19,Wednesday,SHEPPARD WEST STATION,MUATC,5,7,N,YU,5501
2018/02/07,18:35,Wednesday,KENNEDY BD STATION,TUNOA,4,6,W,BD,5354
2018/02/07,18:38,Wednesday,WILSON STATION,MUO,4,6,S,YU,5651
2018/02/07,18:42,Wednesday,DUNDAS WEST STATION,MUPAA,0,0,W,BD,5249
2018/02/07,18:45,Wednesday,WARDEN STATION,SUAP,0,0,,BD,0
2018/02/07,18:50,Wednesday,SHEPPARD WEST STATION,MUATC,9,11,N,YU,5776
2018/02/07,19:03,Wednesday,PAPE STATION,PUMEL,0,0,,BD,0
2018/02/07,19:53,Wednesday,LAWRENCE EAST STATION,MRUI,0,0,,SRT,0
2018/02/07,21:00,Wednesday,BROADVIEW STATION,SUAP,23,26,E,BD,5139
2018/02/07,22:00,Wednesday,YUS/BD/SHEPPARD SUBWAY,MUO,0,0,,YU/BD,0
2018/02/07,22:21,Wednesday,EGLINTON STATION,TUNIP,6,9,N,YU,5941
2018/02/07,22:52,Wednesday,YONGE UNIVERSITY LINE,MUGD,0,0,,YU,0
2018/02/07,22:55,Wednesday,BESSARION STATION,MUSC,0,0,W,SHP,6141
2018/02/07,23:06,Wednesday,SPADINA BD STATION,PUMST,0,0,,BD,0
2018/02/08,05:58,Thursday,HIGH PARK STATION,MUSC,0,0,E,BD,5139
2018/02/08,06:00,Thursday,GREENWOOD STATION,MUSC,0,0,E,BD,5306
2018/02/08,06:28,Thursday,FINCH STATION,MUTO,5,9,S,YU,5681
2018/02/08,07:10,Thursday,GREENWOOD STATION,TUSC,0,0,E,BD,5371
2018/02/08,07:24,Thursday,WILSON STATION,PUSNT,0,0,N,YU,5586
2018/02/08,07:32,Thursday,SHEPPARD WEST STATION,TUCC,0,0,N,YU,5586
2018/02/08,07:34,Thursday,SHEPPARD WEST STATION,EUATC,3,5,N,YU,5586
2018/02/08,07:58,Thursday,SHEPPARD WEST STATION,PUTO,3,5,N,YU,6126
2018/02/08,08:23,Thursday,GLENCAIRN STATION,TUSC,0,0,S,YU,5006
2018/02/08,08:34,Thursday,EGLINTON WEST STATION,EUNT,0,0,S,YU,5961
2018/02/08,08:35,Thursday,UNION STATION TO FINCH,MUPAA,3,5,S,YU,6066
2018/02/08,08:51,Thursday,OLD MILL STATION,MUO,3,5,W,BD,5361
2018/02/08,08:54,Thursday,RUNNYMEDE STATION,TUOS,4,6,W,BD,5229
2018/02/08,08:56,Thursday,SHEPPARD STATION,MUSC,0,0,N,YU,5551
2018/02/08,09:06,Thursday,SHEPPARD WEST STATION,TUATC,3,7,N,YU,5601
2018/02/08,09:27,Thursday,ISLINGTON STATION,TUSC,0,0,E,BD,5348
2018/02/08,09:58,Thursday,ISLINGTON STATION,MUSC,3,6,W,BD,5343
2018/02/08,12:29,Thursday,EGLINTON WEST STATION,MUSC,0,0,N,YU,5891
2018/02/08,12:43,Thursday,JANE STATION,TUSC,0,0,W,BD,5321
2018/02/08,13:56,Thursday,ELLESMERE STATION,MRTO,0,0,N,SRT,3013
2018/02/08,14:45,Thursday,VAUGHAN MC STATION,PUSSW,22,25,S,YU,5976
2018/02/08,16:21,Thursday,DAVISVILLE STATION,PUTIS,3,5,N,YU,6036
2018/02/08,16:48,Thursday,COXWELL STATION,TUNIP,3,6,W,BD,5290
2018/02/08,16:50,Thursday,KIPLING STATION,PUSTC,0,0,W,BD,5189
2018/02/08,17:23,Thursday,BROADVIEW STATION,TUMVS,5,8,E,BD,5061
2018/02/08,17:57,Thursday,JANE STATION,TUSC,0,0,W,BD,5091
2018/02/08,18:20,Thursday,EGLINTON STATION,MUI,0,0,N,YU,5841
2018/02/08,18:33,Thursday,YONGE BD STATION,MUD,5,8,E,BD,5073
2018/02/08,18:40,Thursday,DAVISVILLE STATION,SUDP,6,8,N,YU,5786
2018/02/08,18:51,Thursday,SUMMERHILL STATION,MUPAA,0,0,N,YU,5591
2018/02/08,19:05,Thursday,WARDEN STATION,MUSC,0,0,W,BD,5339
2018/02/08,19:52,Thursday,COXWELL STATION,TUNOA,3,6,E,BD,5073
2018/02/08,20:25,Thursday,BROADVIEW STATION,MUIS,0,0,,BD,0
2018/02/08,22:00,Thursday,YUS/BD/SHEPPARD SUBWAY,MUO,0,0,,YU/BD,0
2018/02/08,23:30,Thursday,KENNEDY BD STATION,MUSC,0,0,W,BD,5218
2018/02/08,23:41,Thursday,MUSEUM STATION,PUSO,0,0,N,YU,5626
2018/02/08,23:50,Thursday,YONGE UNIVERSITY LINE,MUGD,0,0,,YU,0
2018/02/09,00:07,Friday,KIPLING STATION,EUSC,0,0,E,BD,5019
2018/02/09,00:58,Friday,YORKDALE STATION,EUBK,5,9,N,YU,5801
2018/02/09,01:48,Friday,VAUGHAN MC STATION,MUI,0,0,N,YU,5981
2018/02/09,05:43,Friday,ST GEORGE BD STATION,MUSC,0,0,W,BD,5077
2018/02/09,05:45,Friday,MCCOWAN STATION,PRW,19,0,S,SRT,3002
2018/02/09,05:55,Friday,ST GEORGE BD STATION,MUO,11,0,W,BD,5268
2018/02/09,05:57,Friday,BAY STATION,EUSC,0,0,W,BD,5051
2018/02/09,06:02,Friday,ST GEORGE BD STATION,MUSC,0,0,E,BD,5371
2018/02/09,06:08,Friday,ST GEORGE BD STATION,MUSC,0,0,W,BD,5051
2018/02/09,06:09,Friday,WARDEN STATION,MUSC,0,0,W,BD,5319
2018/02/09,06:11,Friday,ST GEORGE BD STATION,MUSC,0,0,W,BD,5336
2018/02/09,06:13,Friday,ST GEORGE BD STATION,MUSC,0,0,E,BD,5306
2018/02/09,06:16,Friday,ST GEORGE BD STATION,MUSC,0,0,W,BD,5091
2018/02/09,06:29,Friday,DONLANDS STATION,MUNOA,3,5,W,BD,0
2018/02/09,06:36,Friday,DONLANDS STATION,MUNOA,3,5,W,BD,0
2018/02/09,06:41,Friday,KENNEDY BD STATION,MUSC,0,0,W,BD,5194
2018/02/09,06:52,Friday,GREENWOOD STATION,MUNOA,3,5,E,BD,0
2018/02/09,06:59,Friday,KENNEDY BD STATION,MUSC,0,0,W,BD,5278
2018/02/09,07:25,Friday,GREENWOOD STATION,MUNOA,3,5,E,BD,0
2018/02/09,08:09,Friday,LAWRENCE STATION,TUO,5,7,N,YU,5791
2018/02/09,08:32,Friday,SHEPPARD WEST STATION,MUTO,3,5,S,YU,6066
2018/02/09,08:37,Friday,DONLANDS STATION,MUIR,8,11,W,BD,5094
2018/02/09,08:59,Friday,DUFFERIN STATION,MUIR,0,0,E,BD,5310
2018/02/09,09:03,Friday,MCCOWAN STATION,MRTO,5,12,S,SRT,3022
2018/02/09,09:07,Friday,BLOOR STATION,MUIRS,3,5,S,YU,5086
2018/02/09,09:14,Friday,ST GEORGE YUS STATION,MUIS,0,0,,YU,0
2018/02/09,09:32,Friday,SPADINA BD STATION,TUOS,4,7,E,BD,5292
2018/02/09,09:34,Friday,JANE STATION,MUSC,0,0,W,BD,5278
2018/02/09,10:33,Friday,MAIN STREET STATION,MUSC,0,0,W,BD,5104
2018/02/09,11:33,Friday,ISLINGTON STATION,MUSC,0,0,E,BD,5074
2018/02/09,11:44,Friday,WILSON STATION,PUSO,0,0,N,YU,5491
2018/02/09,11:46,Friday,VICTORIA PARK STATION,MUSC,0,0,W,BD,5177
2018/02/09,11:53,Friday,VICTORIA PARK STATION,MUSC,0,0,W,BD,5321
2018/02/09,11:57,Friday,WARDEN STATION,MUSC,0,0,E,BD,5047
2018/02/09,12:04,Friday,WARDEN STATION,MUSC,0,0,E,BD,5019
2018/02/09,12:49,Friday,VICTORIA PARK STATION,MUSC,0,0,W,BD,5077
2018/02/09,13:03,Friday,DUNDAS WEST STATION,MUSC,0,0,E,BD,5331
2018/02/09,13:33,Friday,KENNEDY BD STATION,MUNOA,3,6,W,BD,5292
2018/02/09,14:51,Friday,DONLANDS STATION,TUO,6,8,W,BD,5096
2018/02/09,15:20,Friday,CASTLE FRANK STATION,MUIS,0,0,,BD,0
2018/02/09,15:33,Friday,KIPLING STATION,MUSC,0,0,W,BD,5096
2018/02/09,15:40,Friday,KENNEDY SRT STATION,MRWEA,0,0,N,SRT,3013
2018/02/09,16:07,Friday,JANE STATION,MUIS,0,0,,BD,0
2018/02/09,16:54,Friday,SUMMERHILL STATION,MUPAA,0,0,N,YU,5811
2018/02/09,17:03,Friday,DUFFERIN STATION,MUPAA,0,0,W,BD,5066
2018/02/09,17:16,Friday,WARDEN STATION,PUMEL,0,0,,BD,0
2018/02/09,17:17,Friday,KIPLING STATION,MUSC,0,0,W,BD,5096
2018/02/09,18:11,Friday,QUEEN'S PARK STATION,TUSC,0,0,S,YU,5441
2018/02/09,18:43,Friday,OLD MILL STATION,MUSC,0,0,E,BD,5019
2018/02/09,19:21,Friday,KENNEDY SRT STATION,MRWEA,5,10,N,SRT,3015
2018/02/09,19:21,Friday,VICTORIA PARK STATION,TUOS,0,0,W,BD,5362
2018/02/09,19:27,Friday,MCCOWAN STATION,MRDD,0,0,S,SRT,3026
2018/02/09,19:48,Friday,MCCOWAN STATION,MRTO,5,10,S,SRT,3022
2018/02/09,19:54,Friday,VICTORIA PARK STATION,TUOS,0,0,W,BD,5278
2018/02/09,20:13,Friday,SCARB CTR STATION,MRWEA,5,10,S,SRT,3016
2018/02/09,20:53,Friday,WARDEN STATION,MUSC,0,0,E,BD,5190
2018/02/09,20:54,Friday,DUPONT STATION,MUNCA,0,0,,YU,0
2018/02/09,20:56,Friday,WARDEN STATION,MUSC,0,0,E,BD,5190
2018/02/09,20:59,Friday,MUSEUM STATION,MUSC,0,0,S,YU,6001
2018/02/09,21:12,Friday,QUEEN STATION,SUDP,3,6,S,YU,5576
2018/02/09,21:28,Friday,OSGOODE STATION,MUIS,0,0,S,YU,0
2018/02/09,21:45,Friday,MCCOWAN STATION,MRWEA,5,11,S,SRT,3016
2018/02/09,22:00,Friday,YUS/BD/SHEPPARD SUBWAY,MUO,0,0,,YU/ BD,0
2018/02/09,22:27,Friday,JANE STATION,EUSC,0,0,E,BD,5019
2018/02/09,22:31,Friday,ROSEDALE STATION,EUNT,4,9,N,YU,5651
2018/02/09,22:32,Friday,DUNDAS WEST STATION,EUSC,0,0,E,BD,5019
2018/02/09,22:45,Friday,YONGE UNIVERSITY LINE,MUGD,0,0,,YU,0
2018/02/09,23:29,Friday,BLOOR STATION,MUIS,0,0,,YU,0
2018/02/09,23:35,Friday,VAUGHAN MC STATION,MUATC,5,9,S,YU,5601
2018/02/09,23:53,Friday,BLOOR DANFORTH SUBWAY,MUGD,0,0,,BD,0
2018/02/10,00:01,Saturday,YONGE SHP STATION,EUTRD,10,15,E,SHP,6196
2018/02/10,00:33,Saturday,DUFFERIN STATION,MUD,3,8,W,BD,5189
2018/02/10,01:00,Saturday,ST GEORGE BD STATION,EUBK,0,0,E,BD,5206
2018/02/10,02:11,Saturday,WARDEN STATION,MUSC,0,0,W,BD,5241
2018/02/10,02:30,Saturday,SCARBOROUGH RAPID TRAN,TRST,0,0,,SRT,3000
2018/02/10,02:35,Saturday,BLOOR DANFORTH SUBWAY,TUST,0,0,W,BD,5039
2018/02/10,03:00,Saturday,YONGE UNIVERSITY LINE,TUST,0,0,N,YU,5626
2018/02/10,06:00,Saturday,YUS/BD/SHEPPARD SUBWAY,MUO,0,0,,YU,0
2018/02/10,06:04,Saturday,CASTLE FRANK STATION,MUSC,0,0,W,BD,5072
2018/02/10,06:10,Saturday,GREENWOOD STATION,TUSC,0,0,,BD,5025
2018/02/10,06:15,Saturday,VICTORIA PARK STATION,MUSC,0,0,E,BD,5089
2018/02/10,06:40,Saturday,VAUGHAN MC STATION,MUNOA,5,10,S,YU,0
2018/02/10,07:28,Saturday,JANE STATION,TUSC,0,0,W,BD,5077
2018/02/10,08:30,Saturday,MCCOWAN STATION,MRTO,16,22,S,SRT,3023
2018/02/10,08:40,Saturday,SCARB CTR STATION,ERPR,6,12,N,SRT,3025
2018/02/10,09:29,Saturday,SCARB CTR STATION,MRIE,0,0,,SRT,0
2018/02/10,09:44,Saturday,CHRISTIE STATION,SUDP,0,0,W,BD,5274
2018/02/10,10:11,Saturday,KENNEDY BD STATION,MUSC,0,0,E,BD,5077
2018/02/10,10:35,Saturday,JANE STATION,EUNT,4,8,W,BD,5206
2018/02/10,11:37,Saturday,VICTORIA PARK STATION,MUSC,0,0,W,BD,5369
2018/02/10,11:52,Saturday,OSSINGTON AND DUFFERIN,SUO,0,0,W,BD,5062
2018/02/10,12:02,Saturday,BLOOR DANFORTH SUBWAY,MUGD,0,0,,BD,0
2018/02/10,12:17,Saturday,PAPE STATION,PUMEL,0,0,,BD,0
2018/02/10,12:20,Saturday,JANE STATION,MUSC,0,0,E,BD,5331
2018/02/10,12:25,Saturday,WILSON STATION,TUMVS,0,0,N,YU,5951
2018/02/10,13:16,Saturday,BROADVIEW STATION,PUMEL,0,0,,BD,0
2018/02/10,13:34,Saturday,CHESTER STATION,PUSO,0,0,W,BD,5102
2018/02/10,13:35,Saturday,GREENWOOD STATION,PUSO,0,0,W,BD,5369
2018/02/10,13:37,Saturday,PAPE STATION,PUSO,0,0,W,BD,5035
2018/02/10,13:45,Saturday,GREENWOOD STATION,PUSO,0,0,W,BD,5220
2018/02/10,13:47,Saturday,BROADVIEW STATION,PUSO,0,0,W,BD,5369
2018/02/10,13:51,Saturday,BROADVIEW STATION,PUSO,0,0,W,BD,5085
2018/02/10,13:52,Saturday,PAPE STATION,PUSO,0,0,E,BD,5266
2018/02/10,13:56,Saturday,ST GEORGE BD STATION,MUPAA,3,5,E,BD,5055
2018/02/10,14:01,Saturday,WARDEN STATION,EUSC,0,0,W,BD,5077
2018/02/10,14:24,Saturday,GREENWOOD STATION,PUSO,0,0,E,BD,5319
2018/02/10,14:37,Saturday,SPADINA YUS STATION,MUPAA,0,0,S,YU,5861
2018/02/10,15:36,Saturday,LAWRENCE EAST STATION,MRWEA,0,0,S,SRT,3014
2018/02/10,15:42,Saturday,ST CLAIR STATION,MUIS,0,0,,YU,0
2018/02/10,15:50,Saturday,MCCOWAN STATION,MRWEA,3,9,S,SRT,3000
2018/02/10,15:54,Saturday,SCARB CTR STATION,MRWEA,6,12,N,SRT,3015
2018/02/10,15:54,Saturday,ST ANDREW STATION,MUPAA,3,7,N,YU,5666
2018/02/10,16:05,Saturday,KENNEDY SRT STATION,MRWEA,0,0,N,SRT,3023
2018/02/10,16:12,Saturday,KIPLING STATION,PUTIS,3,7,E,BD,5109
2018/02/10,16:14,Saturday,LAWRENCE EAST STATION,MRWEA,3,9,S,SRT,3014
2018/02/10,16:24,Saturday,KIPLING STATION,TUMVS,0,0,E,BD,5007
2018/02/10,16:30,Saturday,MCCOWAN STATION,MRWEA,6,12,,SRT,0
2018/02/10,16:30,Saturday,SHEPPARD WEST STATION,TUATC,6,10,N,YU,5666
2018/02/10,16:31,Saturday,FINCH STATION,PUMEL,0,0,,YU,0
2018/02/10,16:41,Saturday,GLENCAIRN STATION,MUNCA,0,0,,YU,0
2018/02/10,17:10,Saturday,WARDEN STATION,MUSC,0,0,W,BD,5369
2018/02/10,17:15,Saturday,FINCH STATION,MUNCA,0,0,,YU,0
2018/02/10,17:22,Saturday,KENNEDY SRT STATION,MRWEA,12,18,N,SRT,3000
2018/02/10,17:31,Saturday,KENNEDY SRT STATION,MRWEA,3,9,N,SRT,3007
2018/02/10,17:43,Saturday,COXWELL STATION,TUSC,0,0,W,BD,5077
2018/02/10,17:47,Saturday,ST GEORGE YUS STATION,MUSC,0,0,S,YU,5956
2018/02/10,17:51,Saturday,DUFFERIN STATION,PUMEL,0,0,,BD,0
2018/02/10,18:04,Saturday,ISLINGTON STATION,MUPR1,46,50,E,BD,5024
2018/02/10,18:08,Saturday,OSSINGTON STATION,MUIE,0,0,,BD,0
2018/02/10,18:41,Saturday,ELLESMERE STATION,MRWEA,0,0,N,SRT,3007
2018/02/10,18:55,Saturday,MCCOWAN STATION,MRWEA,6,12,N,SRT,3021
2018/02/10,19:00,Saturday,MCCOWAN STATION,MRWEA,6,12,N,SRT,3000
2018/02/10,19:15,Saturday,LEAVING LAWRENCE EAST,MRWEA,10,16,N,SRT,0
2018/02/10,19:36,Saturday,MCCOWAN STATION,MRWEA,6,12,N,SRT,0
2018/02/10,19:39,Saturday,SCARB CTR STATION,PUMEL,0,0,,SRT,0
2018/02/10,20:11,Saturday,MCCOWAN STATION,MRWEA,14,20,S,SRT,0
2018/02/10,20:57,Saturday,YONGE SHP STATION,EUTRD,8,13,E,SHP,6196
2018/02/10,21:17,Saturday,DUNDAS STATION,SUAP,4,9,S,YU,5926
2018/02/10,21:43,Saturday,MCCOWAN STATION,MRTO,4,10,N,SRT,3015
2018/02/10,21:45,Saturday,VAUGHAN MC STATION,MUSAN,4,9,S,YU,6061
2018/02/10,22:00,Saturday,YUS/BD/SHEPPARD SUBWAY,MUO,0,0,,YU/BD,0
2018/02/10,22:25,Saturday,MUSEUM STATION,TUO,4,11,S,YU,6061
2018/02/10,23:00,Saturday,DUNDAS WEST STATION,SUCOL,0,0,W,BD,5123
2018/02/10,23:07,Saturday,ST CLAIR STATION,TUOS,0,0,S,YU,5511
2018/02/10,23:17,Saturday,OSSINGTON STATION,SUAP,17,22,W,BD,5028
2018/02/10,23:28,Saturday,CHRISTIE STATION,MUPAA,0,0,E,BD,5351
2018/02/10,23:29,Saturday,LAWRENCE EAST STATION,MRWEA,10,16,N,SRT,3015
2018/02/11,01:24,Sunday,LAWRENCE WEST STATION,TUSC,0,0,N,YU,5491
2018/02/11,01:34,Sunday,WILSON STATION,PUTIS,3,8,N,YU,5686
2018/02/11,06:12,Sunday,EGLINTON STATION,PUSNT,3,6,S,YU,6111
2018/02/11,07:57,Sunday,SCARBOROUGH RAPID TRAN,TRST,0,0,,SRT,0
2018/02/11,08:00,Sunday,WILSON STATION,MUSC,0,0,N,YU,5406
2018/02/11,08:00,Sunday,YUS/BD/SHEPPARD SUBWAY,MUO,0,0,,YU,0
2018/02/11,08:08,Sunday,WILSON STATION,TUNIP,5,10,S,YU,5851
2018/02/11,08:17,Sunday,MCCOWAN STATION,ERTC,7,14,S,SRT,3002
2018/02/11,08:23,Sunday,DAVISVILLE STATION,EUNT,10,15,S,YU,6036
2018/02/11,08:31,Sunday,KEELE STATION,PUSO,0,0,E,BD,5331
2018/02/11,08:39,Sunday,ST CLAIR WEST STATION,EUDO,0,0,S,YU,5901
2018/02/11,08:43,Sunday,VICTORIA PARK STATION,MUSC,0,0,E,BD,5362
2018/02/11,09:05,Sunday,VICTORIA PARK STATION,MUSC,0,0,W,BD,5133
2018/02/11,09:07,Sunday,ISLINGTON STATION,EUSC,0,0,E,BD,5124
2018/02/11,09:10,Sunday,VICTORIA PARK STATION,EUBK,0,0,E,BD,5203
2018/02/11,09:30,Sunday,BLOOR DANFORTH SUBWAY,TUST,0,0,,BD,0
2018/02/11,09:44,Sunday,YONGE UNIVERSITY LINE,TUST,0,0,,YU,0
2018/02/11,10:36,Sunday,MCCOWAN TO KENNEDY STA,MRTO,15,22,S,SRT,3022
2018/02/11,12:12,Sunday,LESLIE STATION,MUSC,8,13,E,SHP,6181
2018/02/11,12:18,Sunday,JANE STATION,TUSC,0,0,W,BD,5009
2018/02/11,12:39,Sunday,DOWNSVIEW PARK STATION,SUDP,0,0,S,YU,6046
2018/02/11,12:44,Sunday,MCCOWAN STATION,MRTO,7,14,S,SRT,3007
2018/02/11,13:18,Sunday,DUNDAS STATION,SUDP,3,8,S,YU,5381
2018/02/11,14:07,Sunday,KENNEDY BD STATION,MUSC,0,0,E,BD,5362
2018/02/11,14:52,Sunday,OLD MILL STATION,MUSC,0,0,E,BD,5339
2018/02/11,15:14,Sunday,WARDEN STATION,SUAP,0,0,,BD,0
2018/02/11,15:16,Sunday,VAUGHAN MC STATION,SUO,0,0,S,YU,0
2018/02/11,16:24,Sunday,ST PATRICK STATION,MUPAA,4,9,S,YU,5761
2018/02/11,16:48,Sunday,DUNDAS WEST STATION,PUSTS,5,9,W,BD,5137
2018/02/11,16:59,Sunday,SHEPPARD WEST STATION,EUATC,17,21,S,YU,5861
2018/02/11,17:11,Sunday,ST CLAIR WEST STATION,MUNCA,0,0,,YU,0
2018/02/11,17:16,Sunday,ST CLAIR WEST STATION,MUIS,0,0,,YU,0
2018/02/11,18:06,Sunday,JANE STATION,MUPAA,0,0,E,BD,5124
2018/02/11,19:29,Sunday,YONGE BD STATION,MUIS,0,0,,BD,0
2018/02/11,19:50,Sunday,ST CLAIR WEST STATION,MUPLB,21,25,S,YU,6046
2018/02/11,19:51,Sunday,DUPONT STATION,MUSC,0,0,N,YU,5726
2018/02/11,20:04,Sunday,BAY STATION,SUUT,23,27,W,BD,5321
2018/02/11,20:30,Sunday,VAUGHAN MC STATION,SUDP,0,0,,YU,0
2018/02/11,20:47,Sunday,COLLEGE STATION,SUPOL,6,10,S,YU,5971
2018/02/11,20:47,Sunday,ST GEORGE BD STATION,MUO,4,8,W,BD,5039
2018/02/11,22:00,Sunday,YUS/BD/SHEPPARD SUBWAY,MUO,0,0,,YU/BD,0
2018/02/11,22:13,Sunday,KEELE STATION,MUPAA,0,0,W,BD,5339
2018/02/11,23:03,Sunday,LAWRENCE STATION,MUIS,0,0,,YU,0
2018/02/11,23:27,Sunday,CHRISTIE STATION,SUROB,4,8,E,BD,5290
2018/02/11,23:27,Sunday,KIPLING STATION,MUSC,0,0,W,BD,5301
2018/02/12,00:36,Monday,SEHPPARD STATION,TUMVS,0,0,S,YU,6096
2018/02/12,01:18,Monday,WILSON STATION,TUCC,0,0,S,YU,6136
2018/02/12,02:20,Monday,KENNEDY BD STATION,MUO,0,0,,BD,0
2018/02/12,05:44,Monday,SCARB CTR STATION,TRNCA,0,0,,SRT,0
2018/02/12,05:56,Monday,LAWRENCE STATION,EUDO,6,10,S,YU,5701
2018/02/12,06:06,Monday,COXWELL STATION,MUSC,0,0,E,BD,5155
2018/02/12,06:52,Monday,LAWRENCE STATION,MUSC,0,0,S,YU,5626
2018/02/12,07:28,Monday,GREENWOOD STATION,EUNEA,3,5,E,BD,0
2018/02/12,07:39,Monday,OSSINGTON STATION,PUMEL,0,0,,BD,0
2018/02/12,07:45,Monday,ROSEDALE STATION,MUIR,3,5,S,YU,6106
2018/02/12,07:48,Monday,FINCH STATION,MUSC,0,0,S,YU,5796
2018/02/12,08:01,Monday,GREENWOOD STATION,EUAL,3,5,W,BD,5227
2018/02/12,08:46,Monday,UNION STATION,TUNCA,0,0,,YU,0
2018/02/12,08:51,Monday,ST GEORGE YUS STATION,MUIS,0,0,S,YU,0
2018/02/12,09:02,Monday,DUNDAS STATION,MUIS,0,0,S,YU,0
2018/02/12,09:14,Monday,LAWRENCE WEST STATION,TUSC,0,0,S,YU,6021
2018/02/12,09:41,Monday,KIPLING STATION,MUTO,3,6,E,BD,5102
2018/02/12,09:49,Monday,OSSINGTON STATION,MUIR,4,6,E,BD,5242
2018/02/12,09:51,Monday,ST CLAIR WEST STATION,MUI,6,8,N,YU,5766
2018/02/12,10:07,Monday,KENNEDY BD STATION,PUMEL,0,0,,BD,0
2018/02/12,10:50,Monday,LAWRENCE WEST STATION,TUMVS,0,0,S,YU,5511
2018/02/12,11:02,Monday,KING STATION,SUSP,0,0,,YU,0
2018/02/12,11:33,Monday,DUNDAS WEST STATION,MUIR,0,0,,BD,0
2018/02/12,12:36,Monday,COLLEGE STATION,SUAP,72,75,S,YU,6012
2018/02/12,13:48,Monday,COXWELL STATION,TUSC,0,0,W,BD,5274
2018/02/12,14:14,Monday,YONGE BD STATION,MUNCA,0,0,,BD,0
2018/02/12,14:30,Monday,YUS/BD/SHEPPARD SUBWAY,MUGD,0,0,,YU,0
2018/02/12,14:35,Monday,SHEPPARD STATION,MUIRS,0,0,,YU,0
2018/02/12,14:59,Monday,BLOOR STATION,MUPAA,0,0,N,YU,5791
2018/02/12,15:32,Monday,WILSON STATION,EUVA,3,5,S,YU,5746
2018/02/12,15:51,Monday,KIPLING STATION,MUSC,0,0,E,BD,5020
2018/02/12,16:40,Monday,OSSINGTON STATION,MUIR,9,11,E,BD,5100
2018/02/12,17:02,Monday,ST CLAIR STATION,MUSC,0,0,S,YU,6061
2018/02/12,17:05,Monday,CHESTER STATION,SUDP,3,5,E,BD,5100
2018/02/12,18:33,Monday,LAWRENCE WEST STATION,MUPAA,0,0,S,YU,5846
2018/02/12,18:46,Monday,PAPE STATION,PUMEL,0,0,,BD,0
2018/02/12,20:02,Monday,VICTORIA PARK STATION,PUTIS,3,6,W,BD,5329
2018/02/12,20:24,Monday,BLOOR STATION,MUIS,0,0,,YU,0
2018/02/12,20:24,Monday,ST CLAIR WEST STATION,TUSC,0,0,S,YU,5856
2018/02/12,20:32,Monday,SHEPPARD WEST STATION,MUSC,0,0,S,YU,5976
2018/02/12,20:37,Monday,ST GEORGE YUS STATION,MUSC,0,0,S,YU,5401
2018/02/12,20:39,Monday,ST GEORGE YUS STATION,MUSC,0,0,S,YU,5401
2018/02/12,21:09,Monday,KIPLING STATION,TUSC,0,0,W,BD,5361
2018/02/12,21:09,Monday,ST GEORGE BD STATION,TUMVS,0,0,E,BD,5140
2018/02/12,21:55,Monday,ST GEORGE YUS STATION,MUSC,0,0,N,YU,6196
2018/02/12,22:00,Monday,YUS/BD/SHEPPARD SUBWAY,MUO,0,0,,YU/BD,0
2018/02/12,22:39,Monday,COXWELL STATION,TUSC,0,0,W,BD,5157
2018/02/12,22:43,Monday,DUPONT STATION,MUPAA,6,11,S,YU,6056
2018/02/13,00:46,Tuesday,SPADINA BD STATION,SUUT,12,17,W,BD,5137
2018/02/13,01:43,Tuesday,SPADINA BD STATION,EUDO,11,15,E,BD,5028
2018/02/13,01:46,Tuesday,KIPLING STATION,MUSC,0,0,W,BD,5111
2018/02/13,05:41,Tuesday,LESLIE STATION,PUSTS,8,13,W,SHP,6156
2018/02/13,06:00,Tuesday,GREENWOOD PORTAL,MUIE,0,0,W,BD,0
2018/02/13,06:03,Tuesday,MCCOWAN STATION,ERO,5,10,W,SRT,3002
2018/02/13,06:06,Tuesday,MCCOWAN STATION,ERPR,8,13,S,SRT,3000
2018/02/13,06:12,Tuesday,KENNEDY BD STATION,MUSC,0,0,W,BD,5166
2018/02/13,06:14,Tuesday,GREENWOOD STATION,MUSC,0,0,E,BD,5057
2018/02/13,06:36,Tuesday,KENNEDY BD STATION,EUNT,4,6,W,BD,5273
2018/02/13,06:39,Tuesday,LESLIE STATION,PUOPO,7,12,W,SHP,6186
2018/02/13,06:57,Tuesday,BROADVIEW STATION,EUNT,2,4,W,BD,5285
2018/02/13,07:28,Tuesday,KIPLING STATION,MUSC,0,0,E,BD,5057
2018/02/13,07:29,Tuesday,KENNEDY BD STATION,EUSC,0,0,W,BD,5032
2018/02/13,07:33,Tuesday,BLOOR STATION,MUIS,0,0,E,YU,0
2018/02/13,07:42,Tuesday,MAIN STREET STATION,EUDO,8,10,W,BD,5032
2018/02/13,08:15,Tuesday,BATHURST STATION,MUI,6,8,E,BD,5336
2018/02/13,08:27,Tuesday,KIPLING STATION,SUAP,0,0,,BD,0
2018/02/13,08:30,Tuesday,SUMMERHILL STATION,SUDP,0,0,S,YU,5771
2018/02/13,08:40,Tuesday,EGLINTON STATION,PUCSC,3,5,S,YU,5506
2018/02/13,08:43,Tuesday,LESLIE STATION,PUOPO,3,8,W,SHP,6186
2018/02/13,08:43,Tuesday,ROYAL YORK STATION,TUSC,0,0,W,BD,5011
2018/02/13,08:53,Tuesday,LAWRENCE EAST STATION,ERDO,0,0,N,SRT,3025
2018/02/13,09:04,Tuesday,KENNEDY BD STATION,TUSC,0,0,E,BD,5358
2018/02/13,09:24,Tuesday,KIPLING STATION,MUSC,0,0,E,BD,5057
2018/02/13,09:25,Tuesday,KIPLING STATION,TUSC,0,0,E,BD,5057
2018/02/13,09:26,Tuesday,GLENCAIRN STATION,TUSC,0,0,N,YU,5866
2018/02/13,09:28,Tuesday,WILSON STATION,TUSC,0,0,N,YU,5506
2018/02/13,09:29,Tuesday,DONLANDS STATION,TUMVS,0,0,E,BD,5084
2018/02/13,09:49,Tuesday,WARDEN STATION,SUO,0,0,W,BD,5331
2018/02/13,10:14,Tuesday,ROSEDALE STATION,MUPAA,0,0,N,YU,5391
2018/02/13,10:19,Tuesday,QUEEN STATION,MUIS,0,0,S,YU,0
2018/02/13,10:34,Tuesday,OAKVALE SUBSTATION,PUMO,0,0,,999,0
2018/02/13,11:06,Tuesday,ROYAL YORK STATION,MUSC,0,0,E,BD,5361
2018/02/13,12:07,Tuesday,COXWELL STATION,EUTR,3,6,W,BD,5303
2018/02/13,12:12,Tuesday,KIPLING STATION,EUDO,3,6,E,BD,5305
2018/02/13,12:20,Tuesday,CHESTER STATION,MUIS,5,8,W,BD,5020
2018/02/13,12:45,Tuesday,DAVISVILLE STATION,PUMEL,0,0,,YU,0
2018/02/13,12:46,Tuesday,KENNEDY BD STATION,TUSC,0,0,E,BD,5352
2018/02/13,13:00,Tuesday,KENNEDY SRT STATION,ERDO,5,10,N,SRT,3025
2018/02/13,13:29,Tuesday,KENNEDY BD STATION,MUPAA,0,0,E,BD,5177
2018/02/13,13:58,Tuesday,FINCH STATION,PUMEL,0,0,,YU,0
2018/02/13,14:49,Tuesday,BLOOR STATION,MUIS,0,0,N,YU,0
2018/02/13,14:59,Tuesday,SHEPPARD STATION,SUSA,0,0,N,YU,5806
2018/02/13,15:01,Tuesday,LAWRENCE WEST STATION,MUPAA,0,0,S,YU,5776
2018/02/13,16:28,Tuesday,VICTORIA PARK STATION,SUDP,0,0,,BD,0
2018/02/13,16:34,Tuesday,ST CLAIR WEST STATION,MUIRS,0,0,,YU,0
2018/02/13,16:58,Tuesday,ST GEORGE YUS STATION,MUPAA,0,0,N,YU,5996
2018/02/13,17:30,Tuesday,BLOOR STATION,MUIS,0,0,N,YU,0
2018/02/13,17:32,Tuesday,SHEPPARD WEST STATION,TUATC,9,11,N,YU,6071
2018/02/13,17:44,Tuesday,KENNEDY BD STATION,MUSC,0,0,,BD,5111
2018/02/13,18:10,Tuesday,DON MILLS STATION,MUIS,0,0,,SHP,0
2018/02/13,18:14,Tuesday,WELLESLEY STATION,MUPAA,4,6,N,YU,5776
2018/02/13,18:17,Tuesday,EGLINTON STATION,EUNT,5,7,N,YU,5266
2018/02/13,18:33,Tuesday,KENNEDY BD STATION,MUPAA,0,0,W,BD,5232
2018/02/13,18:33,Tuesday,ST GEORGE YUS STATION,TUS,5,8,S,YU,5416
2018/02/13,18:36,Tuesday,BLOOR STATION,MUPAA,3,5,N,YU,5691
2018/02/13,18:41,Tuesday,SHEPPARD WEST STATION,TUATC,4,6,N,YU,6136
2018/02/13,18:48,Tuesday,YONGE BD STATION,SUUT,0,0,E,BD,5335
2018/02/13,19:07,Tuesday,FINCH WEST STATION,SUUT,4,6,N,YU,5931
2018/02/13,19:07,Tuesday,ST CLAIR STATION,MUSAN,3,5,S,YU,5666
2018/02/13,19:18,Tuesday,QUEEN STATION,MUPAA,3,5,N,YU,5056
2018/02/13,20:05,Tuesday,MUSEUM STATION,SUDP,3,5,S,YU,5431
2018/02/13,20:24,Tuesday,DAVISVILLE STATION,EUSC,0,0,S,YU,5821
2018/02/13,21:10,Tuesday,PIONEER VILLAGE STATIO,PUMEL,0,0,,YU,0
2018/02/13,21:22,Tuesday,ST GEORGE YUS STATION,TUSC,0,0,S,YU,5416
2018/02/13,21:30,Tuesday,SHEPPARD STATION,MUPAA,0,0,N,YU,5666
2018/02/13,22:00,Tuesday,YUS/BD/SHEPPARD SUBWAY,MUO,0,0,,YU/BD,0
2018/02/13,22:16,Tuesday,DAVISVILLE STATION,SUO,0,0,N,YU,6011
2018/02/13,23:22,Tuesday,WOODBINE STATION,MUSC,0,0,W,BD,5201
2018/02/13,23:30,Tuesday,BLOOR DANFORTH SUBWAY,MUGD,0,0,,BD,0
2018/02/14,02:05,Wednesday,ISLINGTON STATION,PUTIS,7,11,,BD,0
2018/02/14,05:46,Wednesday,WILSON STATION,MUCL,5,8,S,YU,6026
2018/02/14,05:50,Wednesday,ST CLAIR STATION,PUTO,0,0,S,YU,5841
2018/02/14,05:53,Wednesday,GREENWOOD STATION,TUNOA,4,8,E,BD,0
2018/02/14,05:59,Wednesday,VAUGHAN MC STATION,TUO,5,9,S,YU,6091
2018/02/14,06:12,Wednesday,WILSON YARD,PUSNT,8,12,N,YU,5711
2018/02/14,07:13,Wednesday,KIPLING STATION,MUSC,0,0,E,BD,5041
2018/02/14,07:15,Wednesday,KIPLING STATION,MUSC,0,0,W,BD,5260
2018/02/14,07:21,Wednesday,JANE STATION,TUSC,0,0,W,BD,5203
2018/02/14,07:32,Wednesday,OLD MILL STATION,TUSC,0,0,E,BD,5308
2018/02/14,07:41,Wednesday,FINCH STATION,TUSC,0,0,N,YU,6051
2018/02/14,07:45,Wednesday,LESLIE STATION,MUO,0,0,,SHP,0
2018/02/14,08:06,Wednesday,YORK UNIVERSITY STATIO,SUUT,32,36,S,YU,5441
2018/02/14,08:13,Wednesday,LAWRENCE EAST STATION,MRUIR,0,0,S,SRT,3016
2018/02/14,08:17,Wednesday,MUSEUM STATION,TUO,3,5,S,YU,6111
2018/02/14,08:27,Wednesday,ST GEORGE BD STATION,MUDD,4,8,W,BD,5329
2018/02/14,08:29,Wednesday,KENNEDY SRT STATION,ERDO,6,12,N,SRT,3002
2018/02/14,08:41,Wednesday,FINCH WEST STATION,PUMEL,0,0,N,YU,0
2018/02/14,09:13,Wednesday,ST CLAIR WEST STATION,MUIE,6,9,S,YU,5716
2018/02/14,09:20,Wednesday,FINCH WEST STATION,PUMEL,0,0,,YU,0
2018/02/14,09:21,Wednesday,GREENWOOD STATION,PUMST,0,0,W,BD,0
2018/02/14,09:53,Wednesday,SHEPPARD WEST STATION,TUSC,0,0,N,YU,5661
2018/02/14,09:55,Wednesday,KENNEDY BD STATION,MUSC,0,0,W,BD,5260
2018/02/14,10:24,Wednesday,DUFFERIN TO LANSDOWNE,PUTIJ,4,7,W,BD,5343
2018/02/14,11:30,Wednesday,YONGE UNIVERSITY LINE,MUGD,0,0,,YU,0
2018/02/14,11:32,Wednesday,COXWELL STATION,TUNIP,3,6,W,BD,5056
2018/02/14,11:56,Wednesday,BATHURST STATION,TUSC,0,0,W,BD,5201
2018/02/14,12:19,Wednesday,SUMMERHILL STATION,MUIS,0,0,S,YU,0
2018/02/14,13:14,Wednesday,WOODBINE STATION,SUO,0,0,,BD,0
2018/02/14,13:22,Wednesday,HIGHWAY 407 STATION,PUMO,0,0,,YU,0
2018/02/14,13:47,Wednesday,JANE STATION,MUDD,5,8,W,BD,5336
2018/02/14,14:26,Wednesday,BLOOR STATION,MUIRS,0,0,S,YU,0
2018/02/14,14:39,Wednesday,EGLINTON WEST STATION,MUPAA,0,0,N,YU,5621
2018/02/14,14:43,Wednesday,EGLINTON WEST STATION,TUSC,0,0,,YU,5621
2018/02/14,15:32,Wednesday,RUNNYMEDE STATION,MUIS,0,0,,BD,0
2018/02/14,15:37,Wednesday,ST CLAIR STATION,SUO,10,13,N,YU,5616
2018/02/14,16:26,Wednesday,FINCH STATION,TUNIP,3,6,S,YU,5616
2018/02/14,16:31,Wednesday,ST CLAIR STATION,SUDP,0,0,S,YU,5821
2018/02/14,16:50,Wednesday,ISLINGTON STATION,SUAP,9,11,E,BD,5140
2018/02/14,17:02,Wednesday,FINCH STATION,PUMEL,0,0,,YU,0
2018/02/14,17:23,Wednesday,EGLINTON STATION,MUIR,3,5,N,YU,5726
2018/02/14,17:29,Wednesday,YONGE BD STATION,MUD,10,12,E,BD,5335
2018/02/14,17:44,Wednesday,FINCH STATION,MUNCA,0,0,,YU,0
2018/02/14,18:04,Wednesday,SHEPPARD STATION,MUIR,3,5,N,YU,5846
2018/02/14,19:13,Wednesday,CASTLE FRANK STATION,MUDD,9,11,E,BD,5091
2018/02/14,19:41,Wednesday,ST CLAIR WEST STATION,TUSC,0,0,S,YU,5701
2018/02/14,20:07,Wednesday,BATHURST STATION,SUUT,7,10,E,BD,5214
2018/02/14,20:20,Wednesday,OLD MILL STATION,EUDO,8,11,E,BD,5041
2018/02/14,20:41,Wednesday,KING STATION,PUMST,0,0,,YU,0
2018/02/14,21:04,Wednesday,SCARB CTR STATION,SRAP,9,14,S,SRT,3016
2018/02/14,21:06,Wednesday,YORK MILLS STATION,MUPAA,0,0,N,YU,6011
2018/02/14,21:23,Wednesday,KENNEDY BD STATION,SUDP,5,9,W,BD,5290
2018/02/14,21:28,Wednesday,YORKDALE STATION,MUPAA,4,7,N,YU,5911
2018/02/14,22:00,Wednesday,YUS/BD/SHEPPARD SUBWAY,MUO,0,0,,YU/BD,0
2018/02/14,22:54,Wednesday,VICTORIA PARK STATION,SUDP,5,9,E,BD,5253
2018/02/14,23:35,Wednesday,SHEPPARD WEST STATION,PUMEL,0,0,,YU,0
2018/02/15,01:15,Thursday,FINCH STATION,MUTD,0,0,E,YU,6016
2018/02/15,01:30,Thursday,BLOOR DANFORTH SUBWAY,MUGD,0,0,,BD,0
2018/02/15,01:30,Thursday,YONGE UNIVERSITY LINE,MUGD,0,0,,YU,0
2018/02/15,01:34,Thursday,KENNEDY BD STATION,SUDP,4,8,W,BD,5067
2018/02/15,01:37,Thursday,HIGH PARK STATION,SUO,0,0,E,BD,0
2018/02/15,05:04,Thursday,BAY STATION,MUNCA,0,0,,BD,0
2018/02/15,05:05,Thursday,QUEEN STATION,MUNCA,0,0,,YU,0
2018/02/15,05:17,Thursday,LAWRENCE WEST STATION,PUMO,0,0,,YU,0
2018/02/15,05:31,Thursday,KENNEDY BD STATION,EUBO,5,10,W,BD,5243
2018/02/15,05:45,Thursday,EGLINTON STATION,PUTO,6,0,S,YU,5636
2018/02/15,05:56,Thursday,WARDEN STATION,MUSC,0,0,W,BD,5130
2018/02/15,06:13,Thursday,GREENWOOD STATION,MUSC,0,0,E,BD,5239
2018/02/15,06:15,Thursday,ISLINGTON STATION,MUSC,0,0,W,BD,5344
2018/02/15,06:22,Thursday,CASTLE FRANK STATION,MUNCA,0,0,,BD,0
2018/02/15,06:29,Thursday,ST GEORGE YUS STATION,TUMVS,0,0,N,YU,5581
2018/02/15,07:02,Thursday,VICTORIA PARK STATION,MUSC,0,0,E,BD,5274
2018/02/15,07:15,Thursday,MAIN STREET STATION,TUNIP,3,5,E,BD,5197
2018/02/15,07:24,Thursday,KIPLING STATION,MUTO,3,5,E,BD,5244
2018/02/15,07:40,Thursday,VICTORIA PARK STATION,TUSC,0,0,W,BD,5025
2018/02/15,07:51,Thursday,KENNEDY SRT STATION,ERDO,0,0,N,SRT,0
2018/02/15,07:51,Thursday,WARDEN STATION,MUPAA,0,0,W,BD,5093
2018/02/15,07:54,Thursday,RUNNYMEDE STATION,MUDD,6,8,E,BD,5232
2018/02/15,08:01,Thursday,GREENWOOD STATION,MUDD,7,9,W,BD,5357
2018/02/15,08:07,Thursday,BLOOR STATION,MUIR,0,0,S,YU,5606
2018/02/15,08:29,Thursday,KENNEDY SRT STATION,ERDO,3,8,N,SRT,3000
2018/02/15,08:33,Thursday,ST ANDREW STATION,MUIR,9,11,S,YU,5126
2018/02/15,08:59,Thursday,VICTORIA PARK STATION,SUO,0,0,W,BD,5366
2018/02/15,09:22,Thursday,BLOOR STATION,MUIS,0,0,S,YU,0
2018/02/15,09:28,Thursday,DOWNSVIEW PARK STATION,MUO,0,0,,YU,0
2018/02/15,10:26,Thursday,VICTORIA PARK STATION,EUBK,0,0,W,BD,5007
2018/02/15,10:28,Thursday,YORKDALE STATION,MUSC,0,0,S,YU,5461
2018/02/15,10:29,Thursday,VICTORIA PARK STATION,TUO,0,0,W,BD,5007
2018/02/15,11:07,Thursday,NORTH YORK CTR STATION,MUTD,0,0,,YU,5396
2018/02/15,11:14,Thursday,LAWRENCE EAST STATION,ERDO,4,10,N,SRT,3025
2018/02/15,11:24,Thursday,DUNDAS WEST STATION,PUMEL,0,0,,BD,0
2018/02/15,11:47,Thursday,WARDEN STATION,TUSC,0,0,E,BD,5139
2018/02/15,12:38,Thursday,QUEEN'S PARK STATION,MUI,14,17,N,YU,5975
2018/02/15,12:57,Thursday,KENNEDY BD STATION,EUNT,3,6,E,BD,5086
2018/02/15,12:59,Thursday,ST CLAIR STATION,SUO,12,15,S,YU,6136
2018/02/15,14:12,Thursday,SCARB CTR STATION,MRUI,0,0,,SRT,0
2018/02/15,14:16,Thursday,DUNDAS WEST STATION,PUMEL,0,0,,BD,0
2018/02/15,14:30,Thursday,YUS/BD/SHEPPARD SUBWAY,MUGD,0,0,,YU,0
2018/02/15,14:38,Thursday,SHEPPARD WEST STATION,MUATC,17,20,N,YU,5731
2018/02/15,14:42,Thursday,WELLESLEY STATION,MUIS,0,0,N,YU,5576
2018/02/15,15:11,Thursday,PIONEER VILLAGE STATIO,MUATC,3,5,S,YU,5991
2018/02/15,15:54,Thursday,EGLINTON STATION,MUPAA,0,0,N,YU,5446
2018/02/15,16:17,Thursday,MUSEUM STATION,MUPAA,0,0,N,YU,5981
2018/02/15,16:26,Thursday,WARDEN STATION,TUSC,0,0,E,BD,5140
2018/02/15,16:46,Thursday,YORK MILLS STATION,SUO,0,0,,YU,0
2018/02/15,17:32,Thursday,NORTH YORK CTR STATION,MUSC,0,0,N,YU,5711
2018/02/15,17:37,Thursday,EGLINTON STATION,MUIR,0,0,N,YU,5576
2018/02/15,17:54,Thursday,QUEEN STATION,MUIRS,0,0,,YU,0
2018/02/15,18:50,Thursday,DUPONT STATION,MUPAA,0,0,N,YU,6076
2018/02/15,19:49,Thursday,UNION STATION,PUMST,0,0,,YU,0
2018/02/15,20:14,Thursday,MAIN STREET STATION,MUIS,0,0,,BD,0
2018/02/15,22:00,Thursday,YUS/BD/SHEPPARD SUBWAY,MUO,0,0,,BD/YU,0
2018/02/15,22:21,Thursday,YONGE BD STATION,MUPAA,0,0,W,BD,5266
2018/02/15,23:38,Thursday,CHESTER STATION,TUSC,0,0,E,BD,5348
2018/02/16,00:31,Friday,EGLINTON STATION,MUIS,0,0,,YU,0
2018/02/16,01:15,Friday,QUEEN'S PARK STATION,MUIS,0,0,S,YU,0
2018/02/16,01:37,Friday,SCARB CTR STATION,SRDP,0,0,,SRT,0
2018/02/16,01:42,Friday,WILSON STATION,MUIR,10,20,N,YU,5946
2018/02/16,06:16,Friday,SHEPPARD WEST STATION,MUSC,0,0,S,YU,5431
2018/02/16,07:48,Friday,MUSEUM STATION,MUI,9,11,S,YU,5616
2018/02/16,07:56,Friday,DUPONT STATION,MUI,3,5,S,YU,5596
2018/02/16,08:00,Friday,OLD MILL STATION,MUD,4,6,E,BD,5305
2018/02/16,08:08,Friday,KEELE STATION,MUSC,0,0,E,BD,5351
2018/02/16,08:15,Friday,JANE STATION,MUSC,0,0,W,BD,5007
2018/02/16,08:18,Friday,SHEPPARD WEST STATION,MUO,10,14,N,YU,5781
2018/02/16,08:22,Friday,ST GEORGE YUS STATION,MUIR,3,5,S,YU,5631
2018/02/16,08:41,Friday,VICTORIA PARK STATION,TUSC,0,0,W,BD,5214
2018/02/16,08:44,Friday,NORTH YORK CTR STATION,MUI,20,22,S,YU,5811
2018/02/16,09:15,Friday,SHEPPARD WEST STATION,MUO,5,8,S,YU,5941
2018/02/16,09:18,Friday,MUSEUM STATION,TUMVS,0,0,S,YU,5561
2018/02/16,09:18,Friday,ST ANDREW STATION,TUSC,0,0,N,YU,5101
2018/02/16,09:19,Friday,SUMMERHILL STATION,MUPAA,0,0,S,YU,5811
2018/02/16,09:30,Friday,PIONEER VILLAGE STATIO,PUMEL,0,0,,YU,0
2018/02/16,09:51,Friday,LAWRENCE STATION,TUO,3,6,N,YU,5566
2018/02/16,10:14,Friday,SHEPPARD WEST STATION,TUATC,3,6,N,YU,5636
2018/02/16,10:31,Friday,COXWELL STATION,TUNIP,3,6,W,BD,5214
2018/02/16,11:54,Friday,OSGOODE STATION,SUDP,0,0,S,YU,6096
2018/02/16,12:22,Friday,SCARB CTR STATION,ERDO,5,12,N,SRT,3013
2018/02/16,12:39,Friday,CHRISTIE STATION,TUSC,0,0,W,BD,5214
2018/02/16,12:59,Friday,ST GEORGE BD STATION,MUIR,6,9,W,BD,5357
2018/02/16,13:58,Friday,CHESTER STATION,SUDP,4,7,E,BD,5230
2018/02/16,14:43,Friday,VICTORIA PARK STATION,TUSC,0,0,W,BD,5301
2018/02/16,14:47,Friday,FINCH STATION,PUMEL,0,0,,YU,0
2018/02/16,15:57,Friday,KENNEDY BD STATION,MUSC,0,0,W,BD,5020
2018/02/16,16:02,Friday,SPADINA STATION,SUAE,0,0,,,0
2018/02/16,16:09,Friday,LAWRENCE EAST STATION,ERDO,4,10,N,SRT,3025
2018/02/16,16:20,Friday,BLOOR STATION,MUPLB,7,9,N,YU,6051
2018/02/16,17:01,Friday,SPADINA BD STATION,SUDP,0,0,E,BD,0
2018/02/16,17:29,Friday,FINCH STATION,SUDP,0,0,,YU,0
2018/02/16,17:55,Friday,KENNEDY BD STATION,EUPI,3,5,W,BD,5182
2018/02/16,18:28,Friday,WARDEN STATION,PUTIJ,14,16,E,BD,5303
2018/02/16,19:19,Friday,VAUGHAN MC STATION,MUWR,8,10,S,YU,5836
2018/02/16,20:48,Friday,LAWRENCE WEST STATION,MUSC,0,0,S,YU,5806
2018/02/16,21:17,Friday,YORK UNIVERSITY STATIO,MUI,8,13,S,YU,6046
2018/02/16,21:43,Friday,PAPE STATION,MUO,0,0,,BD,0
2018/02/16,21:54,Friday,COXWELL STATION,MUPAA,0,0,E,BD,5256
2018/02/16,21:58,Friday,DUPONT STATION,TUSC,0,0,S,YU,6031
2018/02/16,22:00,Friday,YONGE UNIVERSITY LINE,MUO,0,0,,YU/BD,0
2018/02/16,22:28,Friday,DUNDAS STATION,MUIRS,0,0,,YU,0
2018/02/16,23:17,Friday,COXWELL STATION,MUI,15,19,W,BD,5003
2018/02/16,23:42,Friday,KIPLING STATION,MUIR,6,10,E,BD,5025
2018/02/16,23:55,Friday,BLOOR DANFORTH SUBWAY,MUGD,0,0,,BD,0
2018/02/17,00:34,Saturday,BLOOR STATION,PUMST,0,0,S,YU,0
2018/02/17,00:59,Saturday,WILSON STATION,MUSAN,4,8,S,YU,5576
2018/02/17,01:21,Saturday,UNION STATION,MUPAA,3,8,N,YU,5396
2018/02/17,05:47,Saturday,GREENWOOD STATION,PUSSW,10,0,E,BD,5157
2018/02/17,06:53,Saturday,BAYVIEW STATION,MUSC,0,0,W,SHP,6171
2018/02/17,07:14,Saturday,BLOOR DANFORTH SUBWAY,MUGD,0,0,,BD,0
2018/02/17,08:29,Saturday,QUEEN STATION,PUMEL,0,0,,YU,0
2018/02/17,09:02,Saturday,ST GEORGE YUS STATION,MUIR,0,0,N,YU,5966
2018/02/17,09:04,Saturday,KIPLING STATION,TUSC,0,0,W,,5364
2018/02/17,10:28,Saturday,ST CLAIR STATION,PUMEL,0,0,,YU,0
2018/02/17,11:51,Saturday,VAUGHAN MC STATION,MUTO,3,11,S,YU,6111
2018/02/17,12:10,Saturday,PIONEER VILLAGE STATIO,MUO,5,8,S,YU,6111
2018/02/17,12:11,Saturday,SHEPPARD WEST STATION,MUIE,0,0,,YU,0
2018/02/17,13:07,Saturday,VAUGHAN MC STATION,TUNIP,3,6,S,YU,6006
2018/02/17,13:29,Saturday,DUNDAS WEST STATION,TUOS,3,7,W,BD,5039
2018/02/17,13:31,Saturday,BLOOR STATION,MUIR,11,14,S,YU,5871
2018/02/17,13:42,Saturday,UNION STATION,MUIS,0,0,,YU,0
2018/02/17,15:24,Saturday,ST GEORGE YUS STATION,SUO,3,6,N,YU,5451
2018/02/17,16:10,Saturday,YONGE BD STATION,SUDP,3,5,W,BD,5057
2018/02/17,17:11,Saturday,SHEPPARD WEST STATION,MUO,11,14,N,YU,5461
2018/02/17,17:54,Saturday,KENNEDY SRT STATION,ERDO,0,0,N,SRT,3021
2018/02/17,18:18,Saturday,CHRISTIE STATION,MUPAA,0,0,W,BD,5133
2018/02/17,18:39,Saturday,LESLIE STATION,MUIR,3,9,E,SHP,6151
2018/02/17,18:44,Saturday,COXWELL STATION,MUCL,5,9,W,BD,5273
2018/02/17,18:44,Saturday,YONGE BD STATION,TUCC,10,14,W,BD,5218
2018/02/17,18:46,Saturday,MAIN STREET STATION,PUTDN,10,14,W,BD,5206
2018/02/17,19:18,Saturday,SHEPPARD WEST STATION,EUATC,5,8,S,YU,5426
2018/02/17,19:20,Saturday,COLLEGE STATION,MUIS,0,0,,YU,0
2018/02/17,19:28,Saturday,VAUGHAN MC STATION,PUMEL,0,0,,YU,0
2018/02/17,19:33,Saturday,CASTLE FRANK STATION,PUMST,0,0,,BD,0
2018/02/17,19:46,Saturday,DUNDAS STATION,SUPOL,5,8,S,YU,6041
2018/02/17,20:58,Saturday,VICTORIA PARK STATION,MUIS,0,0,,BD,0
2018/02/17,21:21,Saturday,ISLINGTON STATION,MUSC,0,0,E,BD,5236
2018/02/17,22:00,Saturday,YUS/BD/SHEPPARD SUBWAY,MUO,0,0,,YU/BD,0
2018/02/17,22:19,Saturday,WARDEN STATION,EUOE,0,0,W,BD,5130
2018/02/17,22:44,Saturday,UNION STATION,SUUT,24,28,N,YU,5671
2018/02/17,23:18,Saturday,NORTH YORK CTR STATION,MUIS,0,0,N,YU,0
2018/02/17,23:20,Saturday,RUNNYMEDE STATION,EUBK,7,11,E,BD,5208
2018/02/17,23:33,Saturday,WELLESLEY STATION,SUAP,14,18,N,YU,5506
2018/02/18,02:12,Sunday,WILSON STATION,TUSC,0,0,N,YU,5871
2018/02/18,07:47,Sunday,WILSON STATION,TUNIP,0,0,S,YU,6096
2018/02/18,07:57,Sunday,MCCOWAN STATION,MRTO,7,0,S,SRT,3022
2018/02/18,08:03,Sunday,FINCH STATION,TUNOA,5,10,S,YU,5676
2018/02/18,08:59,Sunday,LESLIE STATION,MUSC,0,0,E,SHP,6151
2018/02/18,09:11,Sunday,JANE STATION,TUSC,0,0,W,BD,5022
2018/02/18,12:45,Sunday,LANSDOWNE STATION,MUPAA,0,0,E,BD,5140
2018/02/18,12:51,Sunday,JANE STATION,PUMST,0,0,,BD,0
2018/02/18,14:07,Sunday,YONGE UNIVERSITY LINE,MUGD,0,0,,YU,0
2018/02/18,14:27,Sunday,EGLINTON WEST STATION,TUSC,0,0,N,YU,6101
2018/02/18,14:43,Sunday,OSSINGTON STATION,TUSC,0,0,W,BD,5086
2018/02/18,14:50,Sunday,JANE STATION,TUSC,0,0,W,BD,5160
2018/02/18,14:54,Sunday,LESLIE STATION,SUDP,3,8,W,SHP,6166
2018/02/18,15:00,Sunday,QUEEN STATION,MUIS,0,0,,YU,0
2018/02/18,15:13,Sunday,BROADVIEW STATION,MUPAA,0,0,E,BD,5207
2018/02/18,15:22,Sunday,BESSARION STATION,SUDP,19,24,E,SHP,6176
2018/02/18,15:25,Sunday,ELLESMERE STATION,SRDP,6,12,S,SRT,3010
2018/02/18,16:48,Sunday,WILSON STATION,MUSC,0,0,N,YU,5506
2018/02/18,17:15,Sunday,DUPONT STATION,TUSC,0,0,S,YU,5781
2018/02/18,17:16,Sunday,WARDEN STATION,MUNCA,0,0,,BD,0
2018/02/18,17:24,Sunday,YORK MILLS STATION,MUPAA,0,0,N,YU,5446
2018/02/18,17:45,Sunday,SHEPPARD STATION,MUI,6,10,N,YU,6121
2018/02/18,18:14,Sunday,ST CLAIR WEST STATION,EUPI,4,8,S,YU,5671
2018/02/18,19:39,Sunday,DONLANDS STATION,MUPAA,0,0,E,BD,5041
2018/02/18,22:00,Sunday,YUS/BD/SHEPPARD SUBWAY,MUO,0,0,,YU/BD,0
2018/02/18,23:14,Sunday,BLOOR DANFORTH SUBWAY,MUGD,0,0,,BD,0
2018/02/18,23:37,Sunday,SHEPPARD WEST STATION,MUSC,0,0,S,YU,5536
2018/02/18,23:42,Sunday,VAUGHAN MC STATION,MUPAA,0,0,S,YU,5656
2018/02/19,00:22,Monday,EGLINTON WEST STATION,TUSC,0,0,N,YU,5896
2018/02/19,00:37,Monday,KENNEDY SRT STATION,MRUI,0,0,N,SRT,3015
2018/02/19,01:21,Monday,CHRISTIE STATION,SUO,5,9,W,BD,5214
2018/02/19,01:48,Monday,WILSON STATION,PUSI,45,50,N,YU,5661
2018/02/19,05:57,Monday,SHEPPARD WEST STATION,EUDO,6,0,N,YU,0
2018/02/19,05:57,Monday,ST PATRICK STATION,MUNOA,3,0,S,YU,5666
2018/02/19,06:00,Monday,DONLANDS STATION,TUNOA,3,7,W,BD,0
2018/02/19,06:05,Monday,GLENCAIRN STATION,PUSIS,0,0,S,YU,5666
2018/02/19,06:11,Monday,GREENWOOD STATION,MUSC,3,7,E,BD,5054
2018/02/19,07:33,Monday,UNION STATION,MUI,0,0,S,YU,5396
2018/02/19,07:56,Monday,ISLINGTON STATION,TUSC,0,0,W,BD,5102
2018/02/19,08:22,Monday,SHEPPARD WEST STATION,MUSC,0,0,S,YU,6061
2018/02/19,09:09,Monday,EGLINTON STATION,SUAP,0,0,,YU,0
2018/02/19,09:42,Monday,SHEPPARD WEST STATION,MUO,5,10,S,YU,5646
2018/02/19,10:37,Monday,EGLINTON STATION,TUMVS,0,0,S,YU,5976
2018/02/19,11:07,Monday,WOODBINE STATION,TUMVS,0,0,W,BD,5204
2018/02/19,11:11,Monday,MUSEUM STATION,SUDP,0,0,,YU,0
2018/02/19,12:34,Monday,MUSEUM STATION,TUSC,0,0,S,YU,5891
2018/02/19,13:01,Monday,OSGOODE STATION,MUI,8,12,N,YU,5951
2018/02/19,13:39,Monday,ST CLAIR WEST STATION,TUSC,0,0,S,YU,5061
2018/02/19,14:15,Monday,YONGE SHP STATION,TUSC,0,0,W,SHP,6156
2018/02/19,14:46,Monday,KENNEDY BD STATION,MUSC,0,0,E,BD,5073
2018/02/19,16:24,Monday,WILSON STATION,MUPAA,0,0,N,YU,5491
2018/02/19,16:39,Monday,CHESTER STATION,MUI,0,0,W,BD,5114
2018/02/19,17:03,Monday,BESSARION STATION,PUOPO,6,11,E,SHP,6176
2018/02/19,17:06,Monday,BAYVIEW STATION,TUMVS,6,11,E,SHP,6166
2018/02/19,18:00,Monday,DON MILLS STATION,EUDO,4,10,W,SHP,6161
2018/02/19,18:54,Monday,EGLINTON WEST STATION,MUPAA,0,0,S,YU,5861
2018/02/19,19:32,Monday,FINCH STATION,MUIS,0,0,S,YU,0
2018/02/19,20:02,Monday,DUNDAS STATION,MUPAA,3,9,N,YU,5496
2018/02/19,20:06,Monday,LAWRENCE WEST STATION,SUROB,0,0,,YU,0
2018/02/19,20:10,Monday,FINCH STATION,TUNIP,5,10,S,YU,6096
2018/02/19,21:18,Monday,DON MILLS STATION,TUMVS,0,0,E,SHP,6146
2018/02/19,21:19,Monday,YONGE BD STATION,SUO,10,14,E,BD,5366
2018/02/19,22:00,Monday,YUS/BD/SHEPPARD SUBWAY,MUO,0,0,,YU/BD,0
2018/02/19,23:22,Monday,BLOOR DANFORTH SUBWAY,MUGD,0,0,,BD,0
2018/02/20,01:23,Tuesday,DUNDAS STATION,SUO,0,0,N,YU,5961
2018/02/20,01:44,Tuesday,WELLESLEY STATION,SUUT,12,17,N,YU,5506
2018/02/20,05:49,Tuesday,WILSON STATION,TUNOA,4,8,S,YU,0
2018/02/20,05:51,Tuesday,KENNEDY BD STATION,EUME,4,8,W,BD,5231
2018/02/20,06:02,Tuesday,GREENWOOD STATION,EUSC,0,0,E,BD,5018
2018/02/20,06:04,Tuesday,ST CLAIR STATION,PUTSC,4,8,N,YU,5796
2018/02/20,06:11,Tuesday,SHEPPARD WEST STATION,MUSC,0,0,N,YU,6101
2018/02/20,06:18,Tuesday,SHEPPARD WEST STATION,MUSC,0,0,S,YU,5506
2018/02/20,06:19,Tuesday,KIPLING STATION,MUSC,0,0,W,BD,5083
2018/02/20,06:33,Tuesday,MIDLAND STATION,ERDO,4,9,S,SRT,3002
2018/02/20,07:18,Tuesday,KIPLING STATION,MUSC,0,0,E,BD,5169
2018/02/20,07:56,Tuesday,KIPLING STATION,EUME,3,5,W,BD,5342
2018/02/20,07:57,Tuesday,COXWELL STATION,MUTO,6,8,W,BD,5190
2018/02/20,07:59,Tuesday,SUMMERHILL STATION,MUIR,0,0,S,YU,5596
2018/02/20,08:02,Tuesday,BLOOR STATION,MUSAN,3,5,S,YU,5671
2018/02/20,08:02,Tuesday,WARDEN STATION,TUMVS,4,6,W,BD,5078
2018/02/20,08:11,Tuesday,QUEEN'S PARK STATION,MUIR,8,10,S,YU,5851
2018/02/20,08:17,Tuesday,WARDEN STATION,PUTSC,7,9,W,BD,5159
2018/02/20,08:37,Tuesday,UNION STATION,MUIRS,0,0,,YU,0
2018/02/20,08:40,Tuesday,COLLEGE STATION,MUIR,3,5,S,YU,5991
2018/02/20,08:40,Tuesday,QUEEN STATION,MUIE,0,0,N,YU,5721
2018/02/20,08:44,Tuesday,COLLEGE STATION,MUIS,0,0,,YU,0
2018/02/20,08:53,Tuesday,QUEEN'S PARK STATION,MUIR,4,6,S,YU,5656
2018/02/20,08:58,Tuesday,GLENCAIRN STATION,TUSC,0,0,N,YU,6061
2018/02/20,08:59,Tuesday,MUSEUM STATION,MUPAA,0,0,S,YU,5901
2018/02/20,09:01,Tuesday,DAVISVILLE STATION,MUPAA,0,0,S,YU,5386
2018/02/20,09:03,Tuesday,LAWRENCE WEST STATION,MUTO,3,5,N,YU,6071
2018/02/20,09:25,Tuesday,ST GEORGE YUS STATION,MUIRS,0,0,S,YU,0
2018/02/20,09:49,Tuesday,SUMMERHILL STATION,MUIS,0,0,,YU,0
2018/02/20,10:06,Tuesday,BESSARION STATION,EUNT,8,13,E,SHP,6151
2018/02/20,10:09,Tuesday,KIPLING STATION,MUSC,0,0,E,BD,5151
2018/02/20,10:35,Tuesday,ST CLAIR WEST STATION,MUWR,3,5,N,YU,5976
2018/02/20,10:38,Tuesday,FINCH STATION,MUTO,8,11,S,YU,6016
2018/02/20,10:38,Tuesday,SHEPPARD STATION,MUTO,3,6,N,YU,6021
2018/02/20,10:45,Tuesday,YORK MILLS STATION,TUMVS,0,0,S,YU,5846
2018/02/20,10:59,Tuesday,SHEPPARD STATION,MUIS,0,0,,YU,0
2018/02/20,11:01,Tuesday,BAYVIEW STATION,PUSI,8,13,W,SHP,6161
2018/02/20,11:27,Tuesday,EGLINTON WEST STATION,TUSC,0,0,N,YU,6061
2018/02/20,11:48,Tuesday,VICTORIA PARK STATION,PUTSC,0,0,E,BD,5169
2018/02/20,12:08,Tuesday,ROYAL YORK STATION,TUSC,0,0,E,BD,5151
2018/02/20,12:41,Tuesday,HIGH PARK STATION,MUIS,0,0,W,BD,5282
2018/02/20,12:53,Tuesday,KENNEDY BD STATION,TUSC,0,0,E,BD,5022
2018/02/20,13:00,Tuesday,VICTORIA PARK STATION,TUMVS,0,0,E,BD,5366
2018/02/20,13:23,Tuesday,KENNEDY BD STATION,TUSC,0,0,E,BD,5004
2018/02/20,13:27,Tuesday,WARDEN STATION,EUSC,0,0,E,BD,5018
2018/02/20,14:19,Tuesday,ST ANDREW STATION,PUMO,0,0,S,YU,5381
2018/02/20,14:20,Tuesday,KIPLING STATION,MUSC,0,0,W,BD,5294
2018/02/20,14:44,Tuesday,OLD MILL STATION,TUSC,0,0,E,BD,5169
2018/02/20,15:08,Tuesday,GREENWOOD STATION,MUPAA,0,0,E,BD,5018
2018/02/20,15:15,Tuesday,EGLINTON STATION,SUDP,3,5,N,YU,5871
2018/02/20,15:15,Tuesday,YONGE BD STATION,PUMEL,0,0,,BD,0
2018/02/20,15:20,Tuesday,WILSON HOSTLER,TUMVS,0,0,S,YU,6041
2018/02/20,15:36,Tuesday,KENNEDY SRT STATION,PREL,0,0,,SRT,0
2018/02/20,16:31,Tuesday,COLLEGE STATION,MUPAA,0,0,N,YU,6011
2018/02/20,16:52,Tuesday,SHEPPARD WEST STATION,EUME,12,15,N,YU,6051
2018/02/20,17:04,Tuesday,KIPLING STATION,PUSTC,3,5,W,BD,5119
2018/02/20,17:16,Tuesday,OSGOODE STATION,SUSA,0,0,S,YU,0
2018/02/20,17:37,Tuesday,WELLESLEY STATION,MUPAA,0,0,N,YU,5596
2018/02/20,17:52,Tuesday,KIPLING STATION,MUDD,3,5,,BD,5146
2018/02/20,18:15,Tuesday,QUEEN STATION,MUIS,0,0,S,YU,0
2018/02/20,18:31,Tuesday,DON MILLS STATION,PUMEL,0,0,,SHP,0
2018/02/20,18:43,Tuesday,VICTORIA PARK STATION,MUSC,0,0,E,BD,5146
2018/02/20,19:30,Tuesday,BLOOR DANFORTH SUBWAY,MUGD,0,0,,BD,0
2018/02/20,19:43,Tuesday,DAVISVILLE STATION,SUCOL,0,0,N,YU,6096
2018/02/20,19:56,Tuesday,QUEEN STATION,PUTSC,4,7,N,YU,5456
2018/02/20,20:01,Tuesday,QUEEN STATION,MUPAA,0,0,S,YU,6061
2018/02/20,20:44,Tuesday,YONGE BD STATION,MUSC,0,0,W,BD,5119
2018/02/20,22:00,Tuesday,YUS/BD/SHEPPARD SUBWAY,MUO,0,0,,YU/BD,0
2018/02/21,00:15,Wednesday,WILSON TO EGLINTON,TUS,4,8,S,YU,5876
2018/02/21,01:43,Wednesday,QUEEN'S PARK STATION,MUPAA,0,0,N,YU,5511
2018/02/21,05:31,Wednesday,EGLINTON STATION,PUTSC,5,10,N,YU,6111
2018/02/21,05:34,Wednesday,DONLANDS STATION,MUSC,0,0,W,BD,5103
2018/02/21,05:46,Wednesday,VAUGHAN MC STATION,TUCC,5,0,N,YU,5766
2018/02/21,05:47,Wednesday,DONLANDS STATION,EUYRD,4,8,W,BD,5278
2018/02/21,06:01,Wednesday,KENNEDY BD STATION,MUSC,0,0,W,BD,5124
2018/02/21,06:06,Wednesday,SHEPPARD WEST STATION,MUSC,3,6,N,YU,5451
2018/02/21,06:30,Wednesday,VAUGHAN MC STATION,MUTO,3,8,S,YU,5456
2018/02/21,06:45,Wednesday,JANE STATION,TUSC,0,0,W,BD,5195
2018/02/21,06:53,Wednesday,QUEEN STATION,MUIS,0,0,S,YU,5606
2018/02/21,07:04,Wednesday,FINCH STATION,MUSAN,3,6,S,YU,5841
2018/02/21,07:13,Wednesday,ST GEORGE BD STATION,MUIR,5,7,E,BD,5301
2018/02/21,07:16,Wednesday,SHEPPARD STATION,PUMEL,0,0,,YU,0
2018/02/21,08:00,Wednesday,SHEPPARD WEST STATION,MUIR,3,5,S,YU,5606
2018/02/21,08:00,Wednesday,SPADINA YUS STATION,MUIR,3,5,S,YU,5901
2018/02/21,08:01,Wednesday,ST GEORGE BD STATION,MUD,4,6,E,BD,5093
2018/02/21,09:01,Wednesday,MCCOWAN CARHOUSE,MRIE,0,0,,SRT,0
2018/02/21,09:12,Wednesday,NORTH YORK CTR STATION,TUOS,3,5,N,YU,6031
2018/02/21,09:16,Wednesday,DUFFERIN STATION,EUDO,4,6,W,BD,5127
2018/02/21,09:19,Wednesday,SPADINA BD STATION,MUO,0,0,,BD,0
2018/02/21,09:57,Wednesday,CHESTER STATION,MUTO,5,8,W,BD,5369
2018/02/21,10:15,Wednesday,YONGE UNIVERSITY LINE,MUGD,0,0,,YU,0
2018/02/21,10:34,Wednesday,ROYAL YORK STATION,PUMO,0,0,,BD,0
2018/02/21,11:01,Wednesday,SHEPPARD STATION,MUPAA,3,6,N,YU,5826
2018/02/21,11:36,Wednesday,CASTLE FRANK STATION,EUNT,5,8,E,BD,5245
2018/02/21,12:04,Wednesday,VAUGHAN MC STATION,EUDO,3,6,S,YU,5516
2018/02/21,13:20,Wednesday,UNION STATION,SUDP,0,0,N,YU,6021
2018/02/21,13:38,Wednesday,DUPONT STATION,EUDO,11,14,S,YU,6076
2018/02/21,14:05,Wednesday,DAVISVILLE STATION,SUDP,5,8,N,YU,5996
2018/02/21,14:32,Wednesday,EGLINTON STATION,SUDP,3,6,S,YU,5851
2018/02/21,15:12,Wednesday,KIPLING STATION,MUSC,0,0,E,BD,5204
2018/02/21,15:53,Wednesday,VAUGHAN MC STATION,MUTO,3,6,S,YU,5446
2018/02/21,16:25,Wednesday,GLENCAIRN STATION,MUSC,0,0,S,YU,5481
2018/02/21,16:37,Wednesday,SHEPPARD STATION,MUPLB,6,8,N,YU,5826
2018/02/21,16:38,Wednesday,YONGE SHP STATION,TUSC,0,0,W,SHP,6166
2018/02/21,16:59,Wednesday,KENNEDY BD STATION,MUPAA,5,8,E,BD,5039
2018/02/21,18:24,Wednesday,CHRISTIE STATION,MUI,14,16,E,BD,5284
2018/02/21,18:38,Wednesday,DUPONT STATION,TUSC,0,0,S,YU,5491
2018/02/21,19:38,Wednesday,COXWELL STATION,TUOS,7,10,W,BD,5119
2018/02/21,20:10,Wednesday,LAWRENCE EAST STATION,ERTC,4,10,N,SRT,3001
2018/02/21,20:17,Wednesday,ROSEDALE STATION,MUPAA,0,0,N,YU,5936
2018/02/21,21:01,Wednesday,MUSEUM STATION,SUCOL,0,0,S,YU,5786
2018/02/21,21:38,Wednesday,EGLINTON STATION,SUCOL,0,0,S,YU,6661
2018/02/21,22:00,Wednesday,YUS/BD/SHEPPARD SUBWAY,MUO,0,0,,YU/BD,0
2018/02/21,22:20,Wednesday,CHRISTIE STATION,MUPAA,4,8,W,BD,5036
2018/02/21,22:34,Wednesday,LAWRENCE STATION,MUIS,0,0,S,YU,0
2018/02/21,22:53,Wednesday,COXWELL STATION,MUPAA,4,8,W,BD,5331
2018/02/21,23:25,Wednesday,YUS/BD/SHEPPARD SUBWAY,MUGD,0,0,,YU,0
2018/02/22,01:01,Thursday,CHESTER STATION,TUSC,0,0,E,BD,5061
2018/02/22,01:43,Thursday,SHEPPARD WEST PORTAL,MUO,28,33,N,YU,5411
2018/02/22,01:54,Thursday,OSGOODE STATION,MUSC,0,0,N,YU,6011
2018/02/22,01:59,Thursday,YONGE BD STATION,PUTOE,6,10,W,BD,5294
2018/02/22,05:41,Thursday,YORKDALE STATION,TUSC,0,0,S,YU,5701
2018/02/22,05:42,Thursday,KEELE STATION,TUNOA,3,0,W,BD,5294
2018/02/22,06:04,Thursday,VAUGHAN MC STATION,MUATC,4,7,S,YU,5386
2018/02/22,06:15,Thursday,KENNEDY BD STATION,MUSC,0,0,W,BD,5355
2018/02/22,06:31,Thursday,DUPONT STATION,TUSC,0,0,S,YU,5686
2018/02/22,07:04,Thursday,COXWELL STATION,MUSC,0,0,E,BD,5226
2018/02/22,07:08,Thursday,DUNDAS WEST STATION,EUDO,7,9,W,BD,5272
2018/02/22,07:08,Thursday,SHEPPARD WEST STATION,MUATC,3,6,N,YU,5991
2018/02/22,07:34,Thursday,LAWRENCE STATION,MUPAA,0,0,S,YU,5801
2018/02/22,07:57,Thursday,LAWRENCE WEST STATION,TUSC,0,0,N,YU,5691
2018/02/22,08:12,Thursday,KIPLING STATION,TUO,3,5,E,BD,5348
2018/02/22,08:23,Thursday,WELLESLEY STATION,MUO,9,11,S,YU,6121
2018/02/22,08:35,Thursday,COLLEGE STATION,EUCD,5,7,S,YU,6121
2018/02/22,08:55,Thursday,SUMMERHILL STATION,MUI,7,9,S,YU,5861
2018/02/22,09:02,Thursday,DAVISVILLE STATION,SUDP,0,0,S,YU,6106
2018/02/22,09:05,Thursday,BLOOR STATION,MUPAA,3,5,S,YU,5861
2018/02/22,09:22,Thursday,COLLEGE STATION,MUIRS,0,0,S,YU,0
2018/02/22,09:24,Thursday,RUNNYMEDE STATION,TUCC,6,8,W,BD,5036
2018/02/22,09:58,Thursday,GLENCAIRN STATION,TUSC,0,0,N,YU,5726
2018/02/22,11:19,Thursday,ISLINGTON STATION,TUSC,0,0,W,BD,5274
2018/02/22,11:37,Thursday,MUSEUM STATION,SUDP,5,8,S,YU,6111
2018/02/22,11:40,Thursday,YONGE UNIVERSITY LINE,MUGD,0,0,,YU,0
2018/02/22,12:34,Thursday,ST ANDREW STATION,MUIS,0,0,,YU,0
2018/02/22,12:48,Thursday,FINCH STATION,EUO,6,9,S,YU,5711
2018/02/22,13:26,Thursday,DUFFERIN STATION,PUMST,0,0,,BD,0
2018/02/22,13:30,Thursday,BLOOR DANFORTH SUBWAY,MUGD,0,0,,BD,0
2018/02/22,13:40,Thursday,HIGHWAY 407 STATION,MUO,0,0,,YU,0
2018/02/22,13:50,Thursday,SHEPPARD WEST STATION,MUATC,13,16,N,YU,5381
2018/02/22,14:19,Thursday,ST GEORGE YUS STATION,SUDP,4,7,S,YU,6111
2018/02/22,14:53,Thursday,KEELE STATION,MUIS,0,0,,BD,0
2018/02/22,15:16,Thursday,GREENWOOD STATION,EUNT,3,6,W,BD,5015
2018/02/22,15:47,Thursday,ROSEDALE STATION,MUPAA,0,0,S,YU,6131
2018/02/22,15:48,Thursday,BATHURST STATION,MUPAA,0,0,E,BD,5073
2018/02/22,16:32,Thursday,COXWELL STATION,PUMST,0,0,,BD,0
2018/02/22,16:34,Thursday,FINCH WEST STATION,PUMO,0,0,,YU,0
2018/02/22,16:47,Thursday,WILSON STATION,TUNOA,5,7,N,YU,5976
2018/02/22,17:33,Thursday,SPADINA BD STATION,SUAP,8,10,W,BD,5311
2018/02/22,17:41,Thursday,NORTH YORK CTR STATION,TUSC,0,0,S,YU,5411
2018/02/22,17:58,Thursday,BLOOR STATION,MUIS,0,0,S,YU,0
2018/02/22,17:58,Thursday,ST PATRICK STATION,MUIRS,0,0,N,YU,5541
2018/02/22,18:07,Thursday,SPADINA YUS STATION,SUDP,0,0,,YU,0
2018/02/22,19:00,Thursday,VICTORIA PARK STATION,TUOS,0,0,W,BD,5024
2018/02/22,19:10,Thursday,PAPE STATION,TUOS,5,7,W,BD,5024
2018/02/22,19:19,Thursday,WARDEN STATION,TUMVS,0,0,E,BD,5154
2018/02/22,19:35,Thursday,FINCH WEST STATION,PUMST,0,0,,YU,0
2018/02/22,19:42,Thursday,LAWRENCE STATION,MUIS,0,0,S,YU,0
2018/02/22,19:44,Thursday,SHEPPARD WEST STATION,TUATC,14,16,N,YU,6036
2018/02/22,19:48,Thursday,EGLINTON STATION,MUSC,0,0,N,YU,5801
2018/02/22,21:15,Thursday,KENNEDY BD STATION,PUMST,0,0,,BD,0
2018/02/22,21:44,Thursday,YONGE BD STATION,MUIS,0,0,,BD,0
2018/02/22,22:00,Thursday,YUS/BD/SHEPPARD SUBWAY,MUO,0,0,,YU/BD,0
2018/02/22,23:25,Thursday,BLOOR DANFORTH SUBWAY,MUGD,0,0,,BD,0
2018/02/23,00:06,Friday,VAUGHAN MC STATION,MUPAA,0,0,S,YU,5706
2018/02/23,00:21,Friday,SHEPPARD WEST STATION,TUATC,9,14,N,YU,5681
2018/02/23,01:32,Friday,UNION STATION,SUDP,18,23,N,YU,5706
2018/02/23,02:25,Friday,YORKDALE STATION,TUO,5,15,N,YU,6011
2018/02/23,05:45,Friday,MCCOWAN STATION,ERDO,0,0,S,SRT,3004
2018/02/23,06:02,Friday,CHESTER STATION,MUIS,0,0,,BD,0
2018/02/23,06:13,Friday,GREENWOOD STATION,MUSC,0,0,E,BD,5004
2018/02/23,06:38,Friday,KENNEDY BD STATION,MUSC,0,0,W,BD,5348
2018/02/23,06:41,Friday,LAWRENCE EAST STATION,ERPR,12,17,N,SRT,3007
2018/02/23,07:18,Friday,KENNEDY BD STATION,EUDO,3,5,W,BD,5369
2018/02/23,07:47,Friday,KIPLING STATION,EUSC,0,0,E,BD,5125
2018/02/23,07:51,Friday,SCARB CTR STATION,TRTC,0,0,N,SRT,3000
2018/02/23,07:56,Friday,EGLINTON WEST STATION,MUSC,0,0,S,YU,5876
2018/02/23,08:02,Friday,WARDEN STATION,PUTSC,2,5,W,BD,5371
2018/02/23,08:05,Friday,YONGE SHP STATION,TUO,4,9,E,SHP,6166
2018/02/23,08:19,Friday,VICTORIA PARK STATION,MUSC,0,0,E,BD,5012
2018/02/23,08:59,Friday,ST CLAIR STATION,MUIS,0,0,,YU,0
2018/02/23,09:28,Friday,FINCH STATION,TUSC,0,0,N,YU,6131
2018/02/23,09:32,Friday,DUFFERIN STATION,PUMEL,0,0,,BD,0
2018/02/23,10:19,Friday,SHEPPARD WEST STATION,MUATC,13,17,N,YU,5361
2018/02/23,10:20,Friday,LAWRENCE WEST STATION,MUSC,0,0,S,YU,5881
2018/02/23,10:32,Friday,SHEPPARD WEST STATION,MUIE,0,0,,YU,0
2018/02/23,11:14,Friday,VICTORIA PARK STATION,MUSC,0,0,W,BD,5342
2018/02/23,12:04,Friday,WILSON STATION,MUSC,5,9,N,YU,5681
2018/02/23,12:07,Friday,KIPLING STATION,TUSC,0,0,E,BD,5302
2018/02/23,12:26,Friday,KIPLING STATION,MUSC,0,0,W,BD,5258
2018/02/23,12:33,Friday,VICTORIA PARK STATION,MUSC,0,0,E,BD,5195
2018/02/23,12:38,Friday,KIPLING STATION,MUSC,0,0,W,BD,5190
2018/02/23,12:43,Friday,MCCOWAN STATION,MRO,6,12,N,SRT,3025
2018/02/23,12:49,Friday,YONGE UNIVERSITY LINE,MUGD,0,0,,YU,0
2018/02/23,13:05,Friday,VICTORIA PARK STATION,MUSC,0,0,W,BD,5342
2018/02/23,13:58,Friday,GREENWOOD STATION,EUAC,3,6,W,BD,5355
2018/02/23,14:41,Friday,ROYAL YORK STATION,MUIRS,0,0,W,BD,5238
2018/02/23,15:27,Friday,EGLINTON STATION,SUAP,10,13,N,YU,5581
2018/02/23,15:34,Friday,KIPLING STATION,MUSC,0,0,E,BD,5204
2018/02/23,15:48,Friday,KIPLING STATION,TUSC,0,0,W,BD,5352
2018/02/23,16:28,Friday,BLOOR STATION,MUIS,0,0,S,YU,0
2018/02/23,16:36,Friday,ISLINGTON STATION,TUMVS,0,0,W,BD,5033
2018/02/23,17:35,Friday,DUPONT STATION,MUIS,0,0,,YU,0
2018/02/23,17:51,Friday,DUNDAS WEST STATION,EUDO,7,9,E,BD,5126
2018/02/23,18:38,Friday,KENNEDY BD STATION,TUSC,0,0,W,BD,5344
2018/02/23,18:39,Friday,DAVISVILLE STATION,SUAE,0,0,S,YU,6121
2018/02/23,18:45,Friday,QUEEN'S PARK STATION,MUIS,0,0,,YU,0
2018/02/23,18:53,Friday,VICTORIA PARK STATION,TUSC,0,0,W,BD,5352
2018/02/23,19:21,Friday,SPADINA YUS STATION,MUIR,5,7,N,YU,5816
2018/02/23,19:35,Friday,SPADINA BD STATION,PUMEL,0,0,,BD,0
2018/02/23,19:53,Friday,FINCH STATION,PUMEL,0,0,,YU,0
2018/02/23,20:10,Friday,ST GEORGE BD STATION,TUMVS,4,7,W,BD,5036
2018/02/23,20:12,Friday,SPADINA BD STATION,SUDP,0,0,W,BD,5036
2018/02/23,20:58,Friday,ST GEORGE BD STATION,MUIR,0,0,W,BD,5026
2018/02/23,21:20,Friday,ST CLAIR WEST STATION,MUSC,0,0,N,YU,5391
2018/02/23,22:00,Friday,YONGE UNIVERSITY LINE,MUO,0,0,,YU/BD,0
2018/02/23,22:03,Friday,BATHURST STATION,SUO,0,0,W,BD,5294
2018/02/23,22:13,Friday,ST CLAIR WEST STATION,MUI,6,11,N,YU,6016
2018/02/23,22:24,Friday,YONGE BD STATION,SUSA,0,0,,BD,0
2018/02/23,23:24,Friday,ST ANDREW STATION,MUSC,0,0,N,YU,5576
2018/02/23,23:37,Friday,BAY STATION,MUPAA,3,7,W,BD,5210
2018/02/23,23:57,Friday,DAVISVILLE STATION,MUPR1,126,129,N,YU,5996
2018/02/24,01:15,Saturday,KIPLING STATION,TUMVS,0,0,W,BD,5301
2018/02/24,01:40,Saturday,BLOOR STATION,TUOS,0,0,S,YU,6091
2018/02/24,01:46,Saturday,ROSEDALE STATION,MUPAA,0,0,N,YU,5431
2018/02/24,01:46,Saturday,VICTORIA PARK STATION,MUSC,0,0,W,BD,5052
2018/02/24,05:38,Saturday,EGLINTON STATION,MUO,0,0,,YU,0
2018/02/24,06:00,Saturday,VAUGHAN MC STATION,TUNIP,10,20,S,YU,5836
2018/02/24,06:00,Saturday,YUS/BD/SHEPPARD SUBWAY,MUO,0,0,,YU,0
2018/02/24,06:04,Saturday,ROYAL YORK STATION,EUBK,7,11,W,BD,5151
2018/02/24,06:04,Saturday,SHEPPARD STATION,PUSTS,0,0,S,YU,6076
2018/02/24,06:40,Saturday,VAUGHAN MC STATION,TUNIP,10,20,S,YU,5696
2018/02/24,07:29,Saturday,BLOOR STATION,MUPAA,0,0,N,YU,5891
2018/02/24,09:10,Saturday,KENNEDY BD STATION,MUSC,0,0,W,BD,5081
2018/02/24,09:11,Saturday,HIGHWAY 407 STATION,MUPAA,0,0,N,YU,6136
2018/02/24,09:16,Saturday,SHEPPARD WEST STATION,EUAC,5,10,S,YU,5481
2018/02/24,09:28,Saturday,BAY STATION,SUDP,3,7,W,BD,5098
2018/02/24,11:44,Saturday,BLOOR DANFORTH SUBWAY,MUGD,0,0,,BD,0
2018/02/24,11:44,Saturday,WELLESLEY STATION,MUIR,0,0,S,YU,5516
2018/02/24,13:21,Saturday,KIPLING STATION,TUMVS,0,0,W,BD,5309
2018/02/24,13:22,Saturday,ST CLAIR WEST STATION,TUMVS,3,8,N,YU,5576
2018/02/24,13:43,Saturday,ST CLAIR STATION,SUDP,0,0,,YU,0
2018/02/24,16:26,Saturday,WARDEN STATION,TUSC,0,0,E,BD,5028
2018/02/24,16:31,Saturday,VAUGHAN MC STATION,MUATC,4,8,S,YU,5816
2018/02/24,16:56,Saturday,KENNEDY SRT STATION,ERDO,23,29,S,SRT,3002
2018/02/24,17:32,Saturday,KENNEDY SRT STATION,SRDP,19,26,S,SRT,3022
2018/02/24,17:41,Saturday,WELLESLEY STATION,MUI,8,10,N,YU,6046
2018/02/24,17:43,Saturday,SPADINA BD STATION,MUIS,0,0,,BD,0
2018/02/24,17:54,Saturday,ST CLAIR WEST STATION,MUTO,4,8,S,YU,6021
2018/02/24,18:29,Saturday,SHEPPARD STATION,MUPAA,0,0,N,YU,5761
2018/02/24,19:36,Saturday,ST CLAIR STATION,MUPAA,0,0,N,YU,5431
2018/02/24,20:48,Saturday,FINCH STATION,TUSC,0,0,S,YU,5671
2018/02/24,21:14,Saturday,COXWELL STATION,MUDD,5,9,W,BD,5361
2018/02/24,21:54,Saturday,COXWELL STATION,MUPAA,0,0,W,BD,5081
2018/02/24,22:00,Saturday,YUS/BD/SHEPPARD SUBWAY,MUO,0,0,,YU/BD,0
2018/02/24,23:00,Saturday,VAUGHAN MC STATION,SUAE,0,0,S,YU,0
2018/02/24,23:24,Saturday,VAUGHAN MC STATION,MUCL,5,10,S,YU,0
2018/02/25,00:15,Sunday,ST CLAIR WEST STATION,TUSC,0,0,S,YU,5731
2018/02/25,00:20,Sunday,WARDEN STATION,SUSA,5,9,E,BD,5073
2018/02/25,00:23,Sunday,MUSEUM STATION,TUSC,0,0,S,YU,5731
2018/02/25,00:35,Sunday,ST ANDREW STATION,MUI,13,18,N,YU,6076
2018/02/25,02:15,Sunday,ISLINGTON STATION,MUSC,0,0,W,BD,5274
2018/02/25,08:26,Sunday,ST CLAIR STATION,MUIS,0,0,,YU,0
2018/02/25,08:26,Sunday,VICTORIA PARK STATION,MUSC,0,0,E,BD,5233
2018/02/25,08:26,Sunday,VICTORIA PARK STATION,MUSC,0,0,W,BD,5288
2018/02/25,08:31,Sunday,VICTORIA PARK STATION,MUSC,0,0,W,BD,5352
2018/02/25,08:34,Sunday,HIGH PARK STATION,MUSC,0,0,W,BD,5004
2018/02/25,08:45,Sunday,KIPLING STATION,MUSC,0,0,W,BD,5004
2018/02/25,08:47,Sunday,SHEPPARD WEST STATION,EUBO,5,10,S,YU,5486
2018/02/25,09:55,Sunday,VICTORIA PARK STATION,TUSC,0,0,W,BD,5004
2018/02/25,10:02,Sunday,SHEPPARD STATION,MUSC,0,0,S,YU,5821
2018/02/25,10:16,Sunday,ST CLAIR WEST STATION,TUSC,0,0,S,YU,5461
2018/02/25,11:06,Sunday,OSGOODE STATION,PUTWZ,0,0,S,YU,5401
2018/02/25,11:08,Sunday,WOODBINE STATION,MUSC,0,0,W,BD,5274
2018/02/25,11:15,Sunday,LAWRENCE STATION,TUO,3,7,N,YU,6046
2018/02/25,11:39,Sunday,SHEPPARD WEST STATION,EUTRD,4,8,S,YU,5981
2018/02/25,12:01,Sunday,WILSON STATION,MUSC,0,0,S,YU,5956
2018/02/25,12:11,Sunday,WILSON STATION,PUSNT,0,0,S,YU,5781
2018/02/25,12:36,Sunday,VICTORIA PARK STATION,EUDO,0,0,W,BD,5169
2018/02/25,12:59,Sunday,KING STATION,MUIR,3,7,S,YU,5886
2018/02/25,13:17,Sunday,ISLINGTON STATION,TUSC,0,0,W,BD,5359
2018/02/25,14:27,Sunday,YONGE UNIVERSITY LINE,MUGD,0,0,,YU,0
2018/02/25,15:44,Sunday,WILSON STATION,TUSC,0,0,N,YU,5721
2018/02/25,16:03,Sunday,LAWRENCE WEST STATION,MUPLB,4,8,N,YU,5866
2018/02/25,16:05,Sunday,KEELE STATION,MUIRS,3,7,E,BD,5026
2018/02/25,16:13,Sunday,SUMMERHILL STATION,TUOS,4,8,S,YU,5396
2018/02/25,16:43,Sunday,KING STATION,MUSC,0,0,S,YU,5831
2018/02/25,17:01,Sunday,OLD MILL STATION,MUIS,0,0,,BD,0
2018/02/25,18:05,Sunday,DUFFERIN STATION,MUPAA,0,0,E,BD,5286
2018/02/25,18:14,Sunday,EGLINTON STATION,PUSTS,0,0,N,YU,5391
2018/02/25,18:16,Sunday,KENNEDY BD STATION,PUMEL,0,0,,BD,0
2018/02/25,18:46,Sunday,KENNEDY BD STATION,MUIR,3,7,N,BD,5111
2018/02/25,19:06,Sunday,BAY STATION,PUMST,0,0,,BD,0
2018/02/25,20:07,Sunday,DUPONT STATION,TUSC,0,0,S,YU,5956
2018/02/25,20:45,Sunday,WARDEN STATION,MUIS,0,0,,BD,0
2018/02/25,20:46,Sunday,LAWRENCE STATION,SUDP,3,7,N,YU,5521
2018/02/25,20:50,Sunday,ISLINGTON STATION,TUSC,0,0,W,BD,5098
2018/02/25,21:32,Sunday,OSSINGTON STATION,TUSC,0,0,W,BD,5024
2018/02/25,21:39,Sunday,QUEEN'S PARK STATION,TUSC,0,0,S,YU,5401
2018/02/25,22:00,Sunday,YUS/BD/SHEPPARD SUBWAY,MUO,0,0,,YU/BD,0
2018/02/25,23:09,Sunday,ST GEORGE YUS STATION,PUMST,0,0,,YU,0
2018/02/25,23:32,Sunday,KENNEDY BD STATION,EUNT,3,8,W,BD,5257
2018/02/26,01:10,Monday,UNION STATION,TUO,5,10,N,YU,5736
2018/02/26,01:59,Monday,ST GEORGE BD STATION,TUCC,5,9,E,BD,0
2018/02/26,05:35,Monday,YONGE BD STATION,MUSC,0,0,W,BD,5050
2018/02/26,06:07,Monday,KIPLING STATION,MUSC,0,0,E,BD,5286
2018/02/26,06:18,Monday,COXWELL STATION,MUSC,0,0,E,BD,5081
2018/02/26,07:31,Monday,GREENWOOD STATION,MUSC,0,0,E,BD,5045
2018/02/26,07:41,Monday,HIGH PARK STATION,MUPAA,3,5,E,BD,5207
2018/02/26,07:45,Monday,VAUGHAN MC STATION,MUTO,0,0,S,YU,5746
2018/02/26,07:50,Monday,ST CLAIR WEST STATION,TUSC,0,0,S,YU,5831
2018/02/26,08:20,Monday,ST CLAIR WEST STATION,MUSC,0,0,N,YU,6081
2018/02/26,08:28,Monday,KENNEDY BD STATION,MUPAA,0,0,W,BD,5253
2018/02/26,08:44,Monday,KIPLING STATION,TUSC,0,0,W,BD,5045
2018/02/26,08:45,Monday,OSGOODE STATION,EUBK,0,0,N,YU,5696
2018/02/26,09:05,Monday,DOWNSVIEW PARK STATION,MUIR,15,17,N,YU,5596
2018/02/26,09:27,Monday,LAWRENCE WEST STATION,TUSC,0,0,N,YU,5526
2018/02/26,10:21,Monday,LAWRENCE STATION,SUEAS,9,11,S,YU,6126
2018/02/26,10:46,Monday,VAUGHAN MC STATION,SUDP,3,6,S,YU,5816
2018/02/26,10:53,Monday,SHERBOURNE STATION,MUTO,3,6,E,BD,5045
2018/02/26,11:32,Monday,ST ANDREW STATION,MUNCA,0,0,S,YU,0
2018/02/26,13:05,Monday,SHEPPARD WEST STATION,MUATC,3,5,N,YU,5386
2018/02/26,13:10,Monday,YUS/BD/SHEPPARD SUBWAY,MUGD,0,0,,YU,0
2018/02/26,13:21,Monday,OSGOODE STATION,MUIS,0,0,,YU,0
2018/02/26,13:42,Monday,KIPLING STATION,MUIS,0,0,,BD,0
2018/02/26,14:13,Monday,ISLINGTON STATION,MUSC,0,0,E,BD,5045
2018/02/26,14:14,Monday,BATHURST STATION,TUSC,0,0,W,BD,5075
2018/02/26,14:14,Monday,UNION STATION,MUPAA,3,6,N,YU,5826
2018/02/26,14:49,Monday,OSSINGTON STATION,MUNCA,0,0,,BD,0
2018/02/26,14:51,Monday,COLLEGE STATION,MUIS,4,7,N,YU,6056
2018/02/26,14:51,Monday,KENNEDY BD STATION,MUIS,0,0,,,0
2018/02/26,14:52,Monday,FINCH WEST STATION,MUPAA,6,9,N,YU,5971
2018/02/26,15:26,Monday,SHEPPARD WEST STATION,SUAE,0,0,,YU,0
2018/02/26,15:29,Monday,KIPLING STATION,EUBK,0,0,W,BD,5173
2018/02/26,15:55,Monday,GLENCAIRN STATION,MUSC,0,0,N,YU,5916
2018/02/26,16:01,Monday,VAUGHAN MC STATION,EUPI,3,6,S,YU,5841
2018/02/26,16:10,Monday,WILSON STATION,MUTO,3,6,N,YU,6051
2018/02/26,16:19,Monday,CHRISTIE STATION,TUSC,0,0,W,BD,5347
2018/02/26,16:22,Monday,OLD MILL STATION,MUSC,3,5,E,BD,5301
2018/02/26,16:32,Monday,FINCH STATION,TUSC,0,0,N,YU,5501
2018/02/26,16:40,Monday,WILSON STATION,TUSC,0,0,N,YU,6076
2018/02/26,16:42,Monday,YORK UNIVERSITY STATIO,SUUT,4,6,N,YU,6061
2018/02/26,16:46,Monday,ST PATRICK STATION,PUMEL,0,0,,YU,0
2018/02/26,17:01,Monday,COLLEGE STATION,MUPAA,0,0,N,YU,5841
2018/02/26,17:17,Monday,YORKDALE STATION,PUMEL,0,0,,YU,0
2018/02/26,18:38,Monday,YONGE BD STATION,EUBK,0,0,W,BD,5053
2018/02/26,18:53,Monday,SUMMERHILL STATION,MUI,7,9,N,YU,5781
2018/02/26,18:56,Monday,ST CLAIR WEST STATION,EUBK,6,9,S,YU,5411
2018/02/26,22:00,Monday,VICTORIA PARK STATION,TUMVS,5,9,W,BD,5208
2018/02/26,22:00,Monday,YUS/BD/SHEPPARD SUBWAY,MUO,0,0,,YU/BD,0
2018/02/26,22:12,Monday,ST CLAIR STATION,SUDP,4,9,S,YU,5696
2018/02/26,22:29,Monday,KENNEDY SRT STATION,MRO,0,0,,SRT,0
2018/02/26,22:43,Monday,ISLINGTON STATION,MUIS,0,0,,BD,0
2018/02/26,22:45,Monday,YUS/BD/SHEPPARD SUBWAY,MUGD,0,0,,YU,0
2018/02/26,22:49,Monday,WARDEN STATION,TUSC,0,0,W,BD,5075
2018/02/26,23:55,Monday,WILSON STATION,MUSC,0,0,S,YU,5756
2018/02/27,00:10,Tuesday,SHEPPARD WEST STATION,MUATC,6,11,N,YU,5646
2018/02/27,00:44,Tuesday,WILSON STATION,SUDP,8,13,N,YU,6121
2018/02/27,01:13,Tuesday,FINCH WEST STATION,SUAP,0,0,,YU,0
2018/02/27,01:19,Tuesday,DOWNSVIEW PARK STATION,SUO,3,13,N,YU,5971
2018/02/27,01:41,Tuesday,DOWNSVIEW PARK STATION,EUATC,5,15,N,YU,5556
2018/02/27,01:48,Tuesday,ST ANDREW STATION,TUCC,0,0,S,YU,6096
2018/02/27,05:35,Tuesday,WILSON STATION,PUSTS,7,0,S,YU,5716
2018/02/27,05:37,Tuesday,FINCH STATION,TUSC,0,0,S,YU,5746
2018/02/27,05:43,Tuesday,KIPLING STATION,MUSC,0,0,E,BD,5067
2018/02/27,06:38,Tuesday,GREENWOOD YARD,EUYRD,0,0,W,BD,5240
2018/02/27,06:44,Tuesday,KENNEDY BD STATION,MUSC,0,0,W,BD,5366
2018/02/27,07:01,Tuesday,GLENCAIRN STATION,TUSC,0,0,N,YU,5511
2018/02/27,07:47,Tuesday,BLOOR STATION,MUTO,3,5,N,YU,5671
2018/02/27,08:11,Tuesday,ST GEORGE BD STATION,MUIS,0,0,,BD,0
2018/02/27,08:29,Tuesday,KENNEDY BD STATION,TUSC,0,0,W,BD,5366
2018/02/27,08:37,Tuesday,SHEPPARD WEST STATION,EUME,3,6,N,YU,5386
2018/02/27,08:52,Tuesday,YONGE BD STATION,MUIS,0,0,E,BD,0
2018/02/27,08:53,Tuesday,KEELE STATION,MUSC,0,0,W,BD,5111
2018/02/27,08:59,Tuesday,VAUGHAN MC STATION,MUATC,3,7,S,YU,6071
2018/02/27,09:21,Tuesday,WARDEN STATION,TUOS,3,5,W,BD,5137
2018/02/27,09:28,Tuesday,SHEPPARD STATION,MUSC,0,0,N,YU,5131
2018/02/27,09:44,Tuesday,SHEPPARD WEST STATION,PUSO,0,0,,YU,5581
2018/02/27,09:58,Tuesday,VAUGHAN MC STATION,TUATC,3,6,S,YU,5741
2018/02/27,10:28,Tuesday,UNION STATION,TUMVS,0,0,N,YU,5401
2018/02/27,10:36,Tuesday,UNION STATION,SUCOL,0,0,S,YU,5866
2018/02/27,11:02,Tuesday,KIPLING STATION,MUSC,0,0,W,BD,5250
2018/02/27,11:57,Tuesday,JANE STATION,TUSC,0,0,W,BD,5103
2018/02/27,12:21,Tuesday,EGLINTON STATION,PUMST,0,0,,YU,0
2018/02/27,13:51,Tuesday,BESSARION STATION,TUOS,6,11,E,SHP,6151
2018/02/27,13:51,Tuesday,ST ANDREW STATION,SUDP,0,0,S,YU,5391
2018/02/27,13:51,Tuesday,YONGE BD STATION,MUDD,0,0,W,BD,5146
2018/02/27,14:00,Tuesday,GLENCAIRN STATION,MUSC,0,0,S,YU,5991
2018/02/27,14:19,Tuesday,WARDEN STATION,SUAP,0,0,,BD,0
2018/02/27,14:24,Tuesday,EGLINTON STATION,MUDD,8,11,N,YU,5516
2018/02/27,14:45,Tuesday,BLOOR STATION,MUIS,0,0,S,YU,0
2018/02/27,15:30,Tuesday,MCCOWAN STATION,ERTC,6,12,S,SRT,3002
2018/02/27,16:36,Tuesday,KIPLING STATION,MUSC,0,0,E,BD,5204
2018/02/27,16:42,Tuesday,PAPE STATION,MUD,0,0,E,BD,5060
2018/02/27,16:53,Tuesday,EGLINTON STATION,EUAC,3,5,S,YU,5771
2018/02/27,17:11,Tuesday,OLD MILL STATION,TUSC,0,0,W,BD,5024
2018/02/27,17:22,Tuesday,VAUGHAN MC STATION,MUIS,0,0,,YU,0
2018/02/27,17:38,Tuesday,BLOOR STATION,SUDP,3,5,N,YU,5871
2018/02/27,17:47,Tuesday,OLD MILL STATION,TUSC,0,0,E,BD,5067
2018/02/27,18:08,Tuesday,BATHURST STATION,MUIR,7,9,W,BD,5031
2018/02/27,18:23,Tuesday,KIPLING STATION,MUSC,0,0,E,BD,5204
2018/02/27,19:07,Tuesday,DUPONT STATION,TUSC,0,0,S,YU,5391
2018/02/27,19:17,Tuesday,ST GEORGE BD STATION,SUO,3,5,W,BD,5146
2018/02/27,20:12,Tuesday,BROADVIEW STATION,SUO,3,6,W,BD,5034
2018/02/27,20:29,Tuesday,GLENCAIRN STATION,TUSC,0,0,S,YU,5501
2018/02/27,20:34,Tuesday,SHERBOURNE STATION,SUDP,3,6,W,BD,5330
2018/02/27,20:39,Tuesday,KENNEDY BD STATION,MUI,3,6,W,BD,5146
2018/02/27,21:43,Tuesday,YORK MILLS STATION,MUPAA,0,0,N,YU,5726
2018/02/27,21:48,Tuesday,LAWRENCE STATION,MUPAA,0,0,S,YU,5986
2018/02/27,22:00,Tuesday,YUS/BD/SHEPPARD SUBWAY,MUO,0,0,,YU/BD,0
2018/02/27,22:12,Tuesday,FINCH STATION,MUIS,0,0,,YU,0
2018/02/27,22:12,Tuesday,YORK MILLS STATION,SUAP,15,18,N,YU,5741
2018/02/27,22:17,Tuesday,NORTH YORK CTR STATION,MUIS,0,0,,YU,0
2018/02/27,23:00,Tuesday,KENNEDY BD STATION,MUTO,5,9,W,BD,5019
2018/02/27,23:02,Tuesday,DUFFERIN STATION,MUIRS,0,0,E,BD,5342
2018/02/27,23:17,Tuesday,GLENCAIRN STATION,EUSC,0,0,N,YU,5711
2018/02/27,23:33,Tuesday,WILSON STATION,MUIR,5,10,N,YU,5746
2018/02/27,23:54,Tuesday,BLOOR DANFORTH SUBWAY,MUGD,0,0,,BD,0
2018/02/27,23:57,Tuesday,FINCH STATION,SUO,3,8,S,YU,5571
2018/02/27,23:58,Tuesday,COXWELL STATION,EUBK,0,0,W,BD,5024
2018/02/28,00:05,Wednesday,EGLINTON STATION,SUO,0,0,S,YU,5736
2018/02/28,00:09,Wednesday,FINCH STATION,PUMEL,0,0,,YU,0
2018/02/28,06:08,Wednesday,KIPLING STATION,MUSC,0,0,W,BD,5277
2018/02/28,06:10,Wednesday,DUNDAS STATION,MUIS,0,0,,YU,0
2018/02/28,06:16,Wednesday,PAPE STATION,MUD,0,0,W,BD,5305
2018/02/28,06:42,Wednesday,COXWELL STATION,MUSC,0,0,E,BD,5193
2018/02/28,06:55,Wednesday,YORK MILLS STATION,SUDP,9,11,N,YU,6005
2018/02/28,07:53,Wednesday,LESLIE STATION,MUSC,0,0,W,SHP,6161
2018/02/28,08:17,Wednesday,ST GEORGE YUS STATION,MUIR,3,5,S,YU,6136
2018/02/28,08:18,Wednesday,ST CLAIR STATION,MUPAA,0,0,S,YU,5531
2018/02/28,08:24,Wednesday,SHEPPARD STATION,EUSC,0,0,N,YU,6096
2018/02/28,08:30,Wednesday,SUMMERHILL STATION,MUPAA,3,5,S,YU,5926
2018/02/28,08:34,Wednesday,ROSEDALE STATION,MUPAA,3,5,S,YU,5926
2018/02/28,08:40,Wednesday,DAVISVILLE STATION,MUPAA,0,0,S,YU,5986
2018/02/28,08:43,Wednesday,CHRISTIE STATION,MUI,11,13,E,BD,5176
2018/02/28,09:41,Wednesday,MCCOWAN STATION,TRNOA,6,12,S,SRT,3004
2018/02/28,10:37,Wednesday,PAPE STATION,MUIS,0,0,,BD,0
2018/02/28,10:45,Wednesday,YONGE UNIVERSITY LINE,MUGD,0,0,,YU,0
2018/02/28,11:13,Wednesday,OLD MILL STATION,EUBK,0,0,E,BD,5252
2018/02/28,11:34,Wednesday,CHRISTIE STATION,MUIR,0,0,W,BD,5347
2018/02/28,11:52,Wednesday,UNION STATION,PUMO,0,0,,YU,0
2018/02/28,12:20,Wednesday,SPADINA YUS STATION,PUMEL,0,0,,YU,0
2018/02/28,12:47,Wednesday,KENNEDY SRT STATION,MRUI,0,0,,SRT,0
2018/02/28,13:06,Wednesday,JANE STATION,SUCOL,0,0,W,BD,5057
2018/02/28,14:13,Wednesday,WELLESLEY STATION,MUIS,0,0,,YU,0
2018/02/28,14:19,Wednesday,DAVISVILLE STATION,MUIS,0,0,,YU,0
2018/02/28,14:51,Wednesday,ISLINGTON STATION,SUCOL,0,0,W,BD,5137
2018/02/28,15:26,Wednesday,KEELE STATION,SUO,4,6,E,BD,5134
2018/02/28,15:30,Wednesday,QUEEN STATION,MUIS,0,0,N,YU,0
2018/02/28,15:31,Wednesday,WARDEN STATION,TUMVS,0,0,E,BD,5197
2018/02/28,15:34,Wednesday,SPADINA BD STATION,SUO,6,8,E,BD,5134
2018/02/28,15:47,Wednesday,KENNEDY BD STATION,TUSC,0,0,E,BD,5242
2018/02/28,16:09,Wednesday,ST CLAIR WEST STATION,MUPAA,0,0,S,YU,6096
2018/02/28,16:12,Wednesday,MCCOWAN STATION,ERTC,5,9,N,SRT,3007
2018/02/28,16:18,Wednesday,QUEEN STATION,MUO,0,0,N,YU,0
2018/02/28,16:22,Wednesday,CHRISTIE STATION,MUIR,16,18,E,BD,5116
2018/02/28,17:22,Wednesday,EGLINTON STATION,MUIS,0,0,N,YU,0
2018/02/28,17:22,Wednesday,FINCH STATION,MUPAA,0,0,S,YU,5861
2018/02/28,17:26,Wednesday,ROSEDALE STATION,MUNCA,0,0,,YU,0
2018/02/28,17:35,Wednesday,WILSON STATION,MUCL,5,8,S,YU,5981
2018/02/28,17:38,Wednesday,OSSINGTON STATION,EUVA,6,8,W,BD,5186
2018/02/28,17:42,Wednesday,SCARB CTR STATION,MRUIR,0,0,,SRT,0
2018/02/28,17:53,Wednesday,GLENCAIRN STATION,MUPAA,0,0,S,YU,5981
2018/02/28,17:54,Wednesday,YONGE BD STATION,MUI,5,7,W,BD,5209
2018/02/28,18:12,Wednesday,BLOOR STATION,MUPAA,0,0,N,YU,5921
2018/02/28,19:19,Wednesday,ROYAL YORK STATION,MUSC,0,0,W,BD,5347
2018/02/28,19:27,Wednesday,ROSEDALE STATION,MUIR,9,11,N,YU,5816
2018/02/28,19:56,Wednesday,KIPLING STATION,TUMVS,0,0,W,BD,5305
2018/02/28,20:29,Wednesday,DAVISVILLE STATION,MUPAA,0,0,N,YU,6111
2018/02/28,20:52,Wednesday,SPADINA YUS STATION,SUAE,3,5,N,YU,5496
2018/02/28,21:26,Wednesday,CASTLE FRANK STATION,MUI,16,20,W,BD,5240
2018/02/28,21:26,Wednesday,ST CLAIR STATION,MUI,9,12,N,YU,5766
2018/02/28,22:00,Wednesday,YUS/BD/SHEPPARD SUBWAY,MUO,0,0,,YU/BD,0
2018/02/28,22:37,Wednesday,FINCH STATION,MUI,4,9,S,YU,6021
2018/02/28,22:48,Wednesday,ST GEORGE BD STATION,MUIS,0,0,W,BD,0
2018/02/28,23:30,Wednesday,YONGE UNIVERSITY LINE,MUGD,0,0,,YU,0